id	ฉาก	ผู้พูด	TH
B05-0001	VR Dice & Cube · judge_minigame_sugoroku_koronyan_freetalk	Koro-nyan (?)	ถ้าจะเป็นมาสคอตที่หวานขึ้น ฉันว่าต้องไปเรียนรู้เรื่อง ของหวานเพิ่มหน่อย เช่นอะไรดีล่ะ? เอ่อ... สาหร่ายดองเหรอ?
B05-0002	VR Dice & Cube · judge_minigame_sugoroku_koronyan_freetalk	Koro-nyan (?)	คนรู้ใจของฉันบอกว่ากินโชจู มันเทศมันไม่น่ารักเลย! เลยเปลี่ยนของกินเล่นประจำมา เป็นถั่วเน่าหมักแทน!
B05-0003	VR Dice & Cube · judge_minigame_sugoroku_koronyan_freetalk	Koro-nyan (?)	อื้อ... กลิ่นฉุนๆ นี่... เหมือนกลิ่นร้านขายยาที่ฮิโรชิม่าเลย ไม่รู้พวกแก๊งเก่าจะเป็นยังไง กันบ้างนะ...
B05-0004	VR Dice & Cube · judge_minigame_sugoroku_koronyan_freetalk	Koro-nyan (?)	มีคนดีๆ รอนายกลับบ้านหรือเปล่า? เอาน่า บอกเพื่อนซี้โคโระเนียงได้นะ... ฉันช่วยให้นายสดชื่นขึ้นได้แน่!
B05-0005	VR Dice & Cube · judge_minigame_sugoroku_koronyan_freetalk	Koro-nyan (?)	ถ้าฉันดังไปทั้งประเทศจน กลายเป็นมาสคอตระดับชาติ... นายว่าฉันจะเล่นหนังเก่งกว่านี้ไหม!? หรือเป็นผู้ประกาศข่าวดี!?
B05-0006	VR Dice & Cube · judge_minigame_sugoroku_koronyan_freetalk	Koro-nyan (?)	ไม่ต้องห่วงถ้านายพลาดบ้างเป็น บางครั้ง มันก็แค่เกม! ไม่เสียนิ้วก้อยไปหรอกน่า
B05-0007	VR Dice & Cube · judge_minigame_sugoroku_koronyan_freetalk	Koro-nyan (?)	มาสคอตต้องน่ารักแล้วก็มีขนฟูๆ ใช่ไหมล่ะ!? เอาล่ะ ฉันแค่ต้องหาขนสักหน่อย... หืม? นายว่าฉันเข้าใจผิดเหรอ?
B05-0008	VR Dice & Cube · judge_minigame_sugoroku_koronyan_freetalk	Koro-nyan (?)	พ่อฉันเป็นโปรแกรมเมอร์ อยู่ฮิโรชิม่าเหมือนกัน ได้ยินว่าตอนนี้กำลังทำเกมยิง ซอมบี้อยู่ที่คามุโรโจ
B05-0009	VR Dice & Cube · judge_minigame_sugoroku_koronyan_freetalk	Koro-nyan (?)	เฮ่ นายมีสายตาแบบคนที่ผ่านศึกมาเยอะนี่นา... ทำให้นึกถึงเพื่อนสาบานที่บ้านฉันเลย...
B05-0010	VR Dice & Cube · judge_minigame_sugoroku_koronyan_freetalk	Koro-nyan (?)	เฮ้ย เอาจริงๆ ฉันเพิ่งลดสำเนียงบ้านๆ ของตัวเองในเมนูตั้งค่าบทพูดไป เมื่อกี้ แล้ว— ไม่ต้องดีใจขนาดนั้นก็ได้นะ!
B05-0011	VR Dice & Cube · judge_minigame_sugoroku_koronyan_freetalk	Koro-nyan (?)	อยากกินของที่เขาเรียกว่า... เครปไง! พอออกจากคุกเสมือนจริงนี่เมื่อไหร่ ฉันจะจัดหนักเลย!
B05-0012	VR Dice & Cube · judge_minigame_sugoroku_koronyan_freetalk	Koro-nyan (?)	โอโนะ มิชิโอะ คนดังนั่น... ทุกคนชอบไอ้หัวส้มตัวใหญ่นั่นกันจริงๆ นะ ฉันว่าเขาเป็นคู่แข่งที่ สมน้ำสมเนื้อกับฉันเลยล่ะ
B05-0013	VR Dice & Cube · judge_minigame_sugoroku_koronyan_freetalk	Koro-nyan (?)	ได้ยินว่ามีตุ๊กตาสตัฟฟ์รูปฉัน ขายอยู่ข้างนอกด้วยนะ รู้หรือเปล่า พ่อหนุ่ม?
B05-0014	VR Dice & Cube · judge_minigame_sugoroku_koronyan_freetalk	Koro-nyan (?)	ฉันคือมาสคอตที่น่ารักที่สุด เท่าที่นายเคยเห็นมาเลยใช่ไหม ล่ะ!? ฉันถามไปทั่วแล้วนะ แต่ทุกคนเหมือนจะกลัวจนตอบไม่ได้...
B05-0015	VR Dice & Cube · judge_minigame_sugoroku_koronyan_freetalk	Koro-nyan (?)	ดีใจที่นายกลับมานะ พ่อหนุ่ม! หาเงินเยอะๆ แล้วก็ดื่มเหล้าดีๆ ให้สนุกเลย!
B05-0016	VR Dice & Cube · judge_minigame_sugoroku_koronyan_freetalk	Koro-nyan (?)	กลับมาแล้วสินะ? เอาล่ะ ไปโชว์ฝีมือให้พวกมันเห็นเลย!
B05-0017	VR Dice & Cube · judge_minigame_sugoroku_koronyan_freetalk	Koro-nyan (?)	คามุโรโจเสมือนจริงเปิดตลอด 365 วันนะ... เพราะงั้นกวาดเงินมาเยอะๆ แล้วซื้อเหล้าเลี้ยงเพื่อนซี้ โคโระเนียงหน่อยสิ!
B05-0018	VR Dice & Cube · judge_minigame_sugoroku_koronyan_freetalk	Koro-nyan (?)	แหม <font_kind=yakuza_italic>ใครบางคน</font_kind> ดูหล่อเป็นตัวอย่างของผู้ชายเลย นะเนี่ย! ...พอแค่นี้กับคำชมวันนี้ เริ่มกันเลยดีกว่า
B05-0019	VR Dice & Cube · judge_minigame_sugoroku_koronyan_freetalk	Koro-nyan (?)	หวัดดีจ้า ฉันโคโระเนียงเอง! *คราง* ยินดีที่ได้รู้จักนะ! *เมี้ยว*\n...พระเจ้า นั่นมันน่าเกลียดชะมัด
B05-0020	VR Dice & Cube · judge_minigame_sugoroku_koronyan_freetalk	Koro-nyan (?)	ที่ฉันเว่อร์ขนาดนี้ก็เพราะอยาก ให้นายมีความสุขนั่นแหละ ขอโทษนะถ้ามันเยอะไปหน่อย
B05-0021	VR Dice & Cube · judge_minigame_sugoroku_koronyan_freetalk	Koro-nyan (?)	ตอนอยู่ฮิโรชิม่า พ่อฉันพยายามสุดตัวเพื่อปั้นฉัน ให้เป็นมาสคอตที่ทุกคนรัก
B05-0022	VR Dice & Cube · judge_minigame_sugoroku_koronyan_freetalk	Koro-nyan (?)	สงสัยจะต้องใส่หูแมวเพิ่มเพื่อ อวดความน่ารักหน่อยนะ... เดี๋ยวนะ ฉันใส่อยู่แล้วนี่!?
B05-0023	VR Dice & Cube · judge_minigame_sugoroku_koronyan_freetalk	Koro-nyan (?)	โลกไซเบอร์นี้คืออาณาเขตส่วนตัวของฉัน ฉันเป็นทั้งผู้พิพากษา ลูกขุน แล้วก็เพชฌฆาตในที่นี้เอง ไม่ต้องห่วงเรื่องตำรวจบ้าบอ อะไรทั้งนั้น
B05-0024	VR Dice & Cube · judge_minigame_sugoroku_koronyan_freetalk	Koro-nyan (?)	ฉันไปซื้อโบว์มาแต่งเพิ่ม ความน่ารักด้วยนะ แต่ใส่ไม่ได้เพราะแพ้เส้นใย... *สูดจมูก*
B05-0025	VR Dice & Cube · judge_minigame_sugoroku_koronyan_freetalk	Koro-nyan (?)	ความฝันในชีวิตเสมือนจริงของฉันเหรอ? อยากให้พ่อภูมิใจที่เรียกฉันว่า "ลูกชาย"... ด้วยการเป็นมาสคอตที่ทุกคนรักไงล่ะ!
B05-0026	VR Dice & Cube · judge_minigame_sugoroku_koronyan_freetalk	Koro-nyan (?)	...ฉันอยากน่ารักนะ อยากจริงๆ แต่อาหารโปรดของฉันคือปลาหมึก อย่าไปบอกใครล่ะ เข้าใจไหม?
B05-0027	VR Dice & Cube · judge_minigame_sugoroku_koronyan_freetalk	Koro-nyan (?)	เมืองนี้เจ๋งดีเนอะ? ได้ยินว่าจำลองมาจากคามุโรโจ ของจริงเป๊ะๆ เลย ขนาดคราบสกปรกบนถนนยังเหมือนเลย!
B05-0028	VR Dice & Cube · judge_minigame_sugoroku_koronyan_freetalk	Koro-nyan (?)	เรื่องนี้เป็นความลับสุดยอดนะ... แต่ถ้านายบวกตัวเลขทุกด้านของ ฉันรวมกัน จะได้ 21 พอดี
B05-0029	VR Dice & Cube · judge_minigame_sugoroku_koronyan_freetalk	Koro-nyan (?)	ได้ยินว่าถ้าเก่งเกมบ้านี่จริงๆ จะได้รางวัลมูลค่ากว่า 50,000 เยนเลยนะ!
B05-0030	VR Dice & Cube · judge_minigame_sugoroku_koronyan_freetalk	Koro-nyan (?)	มีของดีๆ ล็อกอยู่ในช่องตู้เซฟ เพียบเลยนะ... เช่นอาหารแมวกระป๋องเกรดพรีเมียม!
B05-0031	VR Dice & Cube · judge_minigame_sugoroku_koronyan_freetalk	Koro-nyan (?)	นายใช้ปืนรางได้ ยิงพลังงานได้เลยนะ... ไม่มีอะไรฟินไปกว่าได้ซัดกันใน โลกเสมือนจริงแบบนี้อีกแล้ว!
B05-0032	VR Dice & Cube · judge_minigame_sugoroku_koronyan_freetalk	Koro-nyan (?)	ช่องวาร์ปนี่นะ... เหมือนมีอุโมงค์ไฮเปอร์สเปซ เชื่อมกันอยู่ เดินผ่านเข้าไปแล้วนายจะถูก ส่งตัวปลิวไปเลยล่ะ!
B05-0033	VR Dice & Cube · judge_minigame_sugoroku_koronyan_freetalk	Koro-nyan (?)	ถล่มพวกตัวร้ายในช่องต่อสู้แล้ว นายจะได้ของดี ๆ นะบอกให้ อย่างเช่นลูกเต๋าเพิ่มหรือไอเทมไง!
B05-0034	VR Dice & Cube · judge_minigame_sugoroku_koronyan_freetalk	Koro-nyan (?)	คุโระเนียงมันไม่เคยทำดีเลยสักครั้ง... เชื่อฉันสิ ฉันเจอกับแมวจอมป่วนตัวนั้นมา ไม่รู้กี่รอบแล้ว...
B05-0035	VR Dice & Cube · judge_minigame_sugoroku_koronyan_freetalk	Koro-nyan (?)	ตัวฉันสีฟ้าอ่อนนี่นะ เหมาะเป็นมาสคอตเบอร์หนึ่งคน ต่อไปของคามุโรโจสุด ๆ เลยล่ะ!
B05-0036	VR Dice & Cube · judge_minigame_sugoroku_koronyan_freetalk	Koro-nyan (?)	ไม่มีอะไรเข้ากันเท่าโชจูมันเทศ กับปลาหมึกฝอยตากแห้งอีกแล้ว... เอ๊ะ? นายว่ามาสคอตไม่ทำแบบนี้กันเหรอ?
B05-0037	VR Dice & Cube · judge_minigame_sugoroku_koronyan_freetalk	Koro-nyan (?)	มาแล้วเหรอ! หวังว่านายจะกอบโกยเงินจน กระเป๋าตุงเสียดสีขาผอม ๆ ของนายเลยนะ! กะฮ่ะฮ่ะ!
B05-0038	VR Dice & Cube · judge_minigame_sugoroku_koronyan_freetalk	Koro-nyan (?)	ไอ้หมอนี่แค่มือใหม่ 1 ดาว ไม่คุ้มค่าหัวเข็มขัดมันเลยด้วยซ้ำ! เอามือเดียวก็เอาชนะได้สบาย ๆ
B05-0039	VR Dice & Cube · judge_minigame_sugoroku_koronyan_freetalk	Koro-nyan (?)	การต่อสู้นี้แค่ 1 ดาว อย่างมากก็แค่วอร์มอัพ! เอาล่ะ ไปถล่มมันให้แหลกเป็นผงข้อมูล เลยพ่อหนุ่ม!
B05-0040	VR Dice & Cube · judge_minigame_sugoroku_koronyan_freetalk	Koro-nyan (?)	นี่คือช่องต่อสู้ 1 ดาว น่าจะเป็นทางที่ดีในการลองพลัง ของนายนะ!
B05-0041	VR Dice & Cube · judge_minigame_sugoroku_koronyan_freetalk	Koro-nyan (?)	ช่องต่อสู้ 1 ดาวกระจอก ๆ กับศัตรู 1 ดาวกระจอก ๆ นี่แหละโอกาสให้นายเก็บลูกเต๋า เพิ่มเลย!
B05-0042	VR Dice & Cube · judge_minigame_sugoroku_koronyan_freetalk	Koro-nyan (?)	นี่คือการต่อสู้ 1 ดาว ไม่น่าจะทำให้นายลำบากสักนิด! ไปโชว์ฝีมือให้มันเห็นกันเลย!
B05-0043	VR Dice & Cube · judge_minigame_sugoroku_koronyan_freetalk	Koro-nyan (?)	อันนี้ 2 ดาว อาจจะยากขึ้นมาหน่อย แต่ฉันเชื่อในตัวนายนะพ่อหนุ่ม! ทำท่ากังฟูที่นายถนัดออกมาเลย!
B05-0044	VR Dice & Cube · judge_minigame_sugoroku_koronyan_freetalk	Koro-nyan (?)	นายตกลงช่องต่อสู้ 2 ดาว เตรียมรับความท้าทายดี ๆ ไว้เลย อย่าลืมยกการ์ดขึ้นด้วยล่ะ!
B05-0045	VR Dice & Cube · judge_minigame_sugoroku_koronyan_freetalk	Koro-nyan (?)	นายได้เจอการต่อสู้ 2 ดาวแล้วนะพ่อหนุ่มตัวโต! พร้อมส่งพวกมันลงถังรีไซเคิลรึยัง? เยี่ยม! 
B05-0046	VR Dice & Cube · judge_minigame_sugoroku_koronyan_freetalk	Koro-nyan (?)	อ้อ เป็นช่องต่อสู้นี่เอง! เป็นศึก 2 ดาว ยังไงก็ระวังไว้ก่อนไม่เสียหายนะ!
B05-0047	VR Dice & Cube · judge_minigame_sugoroku_koronyan_freetalk	Koro-nyan (?)	2 ดาวสำหรับตัวนี้... ก็อาจจะดูน่ากลัวไปหน่อย แต่ฉันมั่นใจว่านายมีของแน่นอน!
B05-0048	VR Dice & Cube · judge_minigame_sugoroku_koronyan_freetalk	Koro-nyan (?)	โอ้โห 3 ดาวเลย อืม จะพูดยังไงดีนะ... คู่ต่อสู้นายดูท่าจะบดขยี้นายได้เลยนะ แต่นายต้องไหวแหละ... ใช่ไหม?
B05-0049	VR Dice & Cube · judge_minigame_sugoroku_koronyan_freetalk	Koro-nyan (?)	นายตกลงช่องต่อสู้ 3 ดาว! นั่นแปลว่าฉันอาจต้องเก็บกวาด ซากที่เหลือของนาย... ห-หมายถึงนายจะต้องไม่เป็นไรแน่!
B05-0050	VR Dice & Cube · judge_minigame_sugoroku_koronyan_freetalk	Koro-nyan (?)	นี่คือช่องต่อสู้ 3 ดาว อย่าคาดหวังว่าจะชนะง่าย ๆ... ถ้าเป็นฉันนะ เขียนพินัยกรรมทิ้งไว้ก่อนเลยดีกว่า!
B05-0051	VR Dice & Cube · judge_minigame_sugoroku_koronyan_freetalk	Koro-nyan (?)	เป็นช่องต่อสู้ 3 ดาวแล้ว! อืม... เรื่องนี้ไม่มีทางง่ายเหมือน เดินเล่นแน่ ๆ บอกไว้ก่อนเลยนะ...
B05-0052	VR Dice & Cube · judge_minigame_sugoroku_koronyan_freetalk	Koro-nyan (?)	3 ดาว... พวกนี้ไม่ใช่หมูให้ต้อนหรอกนะ แต่ถ้าชนะได้ล่ะก็รวยเละแน่ ไปทำให้มันขอยอมแพ้เลย!
B05-0053	VR Dice & Cube · judge_minigame_sugoroku_koronyan_freetalk	Koro-nyan (?)	ต้องยอมรับว่าครั้งนี้โหดจริง เอาล่ะ กลับไปเริ่มใหม่ที่จุดเดิม!
B05-0054	VR Dice & Cube · judge_minigame_sugoroku_koronyan_freetalk	Koro-nyan (?)	นายพลาดจริง ๆ นะรู้ไหม... คราวนี้โดนเตะกลับไปเริ่มต้นใหม่เลย!
B05-0055	VR Dice & Cube · judge_minigame_sugoroku_koronyan_freetalk	Koro-nyan (?)	น่าเสียดายจริง ๆ ท่าทางเราต้องเริ่มใหม่หมดเลยแฮะ
B05-0056	VR Dice & Cube · judge_minigame_sugoroku_koronyan_freetalk	Koro-nyan (?)	แย่มาก! ไม่เคยเห็นใครโดนถลกก้นเร็วขนาด นี้มาก่อนเลย! นายชอบเริ่มใหม่นักใช่ไหมเนี่ย!?
B05-0057	VR Dice & Cube · judge_minigame_sugoroku_koronyan_freetalk	Koro-nyan (?)	เคยได้ยินแนวคิด "การหวนคืนนิรันดร์" ไหม? เอาล่ะ นายกำลังจะได้สัมผัสมันแล้วล่ะ กลับไปเริ่มต้นใหม่ พ่อหนุ่ม!
B05-0058	VR Dice & Cube · judge_minigame_sugoroku_koronyan_freetalk	Koro-nyan (?)	มาแล้ว ได้เวลาศึกทำลายล้าง! คราวนี้นายปลดปล่อยความเครียด ที่อัดอั้นได้เต็มที่เลย พ่อหนุ่ม! ปล่อยความบ้าคลั่งออกมา!
B05-0059	VR Dice & Cube · judge_minigame_sugoroku_koronyan_freetalk	Koro-nyan (?)	พร้อมสำหรับศึกทำลายล้างรึยัง? เอาล่ะ ลุยเข้าไปพังทุกอย่างเลย!
B05-0060	VR Dice & Cube · judge_minigame_sugoroku_koronyan_freetalk	Koro-nyan (?)	นี่คือศึกทำลายล้าง! ตามชื่อเลย เป้าหมายของนายคือทำลายทุกอย่างให้ราบ!
B05-0061	VR Dice & Cube · judge_minigame_sugoroku_koronyan_freetalk	Koro-nyan (?)	นี่คือการต่อสู้โดรน! โชว์ให้ฉันดูสิว่าโดรนของนายทำ อะไรได้บ้าง!
B05-0062	VR Dice & Cube · judge_minigame_sugoroku_koronyan_freetalk	Koro-nyan (?)	ดูท่านายพร้อมสำหรับการต่อสู้ โดรนแล้วนะ! ออกบินกันเลย!
B05-0063	VR Dice & Cube · judge_minigame_sugoroku_koronyan_freetalk	Koro-nyan (?)	การต่อสู้โดรนกำลังจะเริ่มแล้ว! ยิงมันร่วงเลย ยิงมันร่วง!
B05-0064	VR Dice & Cube · judge_minigame_sugoroku_koronyan_freetalk	Koro-nyan (?)	เฮ่ นายได้ไอเทมแล้ว! ยิ่งทำให้อยากชนะเข้าไปใหญ่เลย ใช่ไหมล่ะ?
B05-0065	VR Dice & Cube · judge_minigame_sugoroku_koronyan_freetalk	Koro-nyan (?)	เฮ่ นายได้ไอเทมด้วย! เยี่ยมไปเลย!
B05-0066	VR Dice & Cube · judge_minigame_sugoroku_koronyan_freetalk	Koro-nyan (?)	ได้ของดี ๆ มาทีไร ฉันรู้สึกเหมือนใกล้ชนะทุกทีเลยนะ รู้ไหม?
B05-0067	VR Dice & Cube · judge_minigame_sugoroku_koronyan_freetalk	Koro-nyan (?)	ดูเหมือนนายจะได้ของพิเศษแล้วนะ! ไอเทมชิ้นนี้หาได้เฉพาะ ในคามุโรโจเสมือนเท่านั้นเลยล่ะ
B05-0068	VR Dice & Cube · judge_minigame_sugoroku_koronyan_freetalk	Koro-nyan (?)	เยี่ยม! ทอยลูกเต๋ากันต่อเลย!
B05-0069	VR Dice & Cube · judge_minigame_sugoroku_koronyan_freetalk	Koro-nyan (?)	นายเช็กของที่ได้มาได้ด้วยการกด\n<symbol=button_sankaku>!
B05-0070	VR Dice & Cube · judge_minigame_sugoroku_koronyan_freetalk	Koro-nyan (?)	สงสัยจังว่าของแบบนี้จะเจอได้ ในคามุโรโจจริง ๆ ด้วยรึเปล่านะ...
B05-0071	VR Dice & Cube · judge_minigame_sugoroku_koronyan_freetalk	Koro-nyan (?)	โอ้โฮ! เอาไปแลกได้เยอะแน่ ๆ เลยนะเนี่ย!
B05-0072	VR Dice & Cube · judge_minigame_sugoroku_koronyan_freetalk	Koro-nyan (?)	โอ้! ของชิ้นเล็ก ๆ ที่นายเก็บมาน่ารักดีนะเนี่ย
B05-0073	VR Dice & Cube · judge_minigame_sugoroku_koronyan_freetalk	Koro-nyan (?)	วาฮ่า! นายทำได้ดีมากเลยนะ! ทำแบบนี้ต่อไปเดี๋ยวก็ถึง เป้าหมายแล้วล่ะ!
B05-0074	VR Dice & Cube · judge_minigame_sugoroku_koronyan_freetalk	Koro-nyan (?)	โอ้ นายใกล้ถึงเป้าหมายเข้าไปทุกทีแล้ว รู้สึกได้เลย! แต่ลูกเต๋าเหลือไม่มากแล้วนะ ระวังด้วยล่ะ!
B05-0075	VR Dice & Cube · judge_minigame_sugoroku_koronyan_freetalk	Koro-nyan (?)	เป้าหมายใกล้เข้ามาแล้ว! ตอนนี้อยู่ที่ว่านายจะมีลูกเต๋า พอไหมเท่านั้นแหละ...!
B05-0076	VR Dice & Cube · judge_minigame_sugoroku_koronyan_freetalk	Koro-nyan (?)	นายใกล้ถึงเป้าหมายแล้ว! ฉันแอบเป็นห่วงเรื่องลูกเต๋าที่ เหลืออยู่หน่อย ๆ แต่อย่าให้มันมาหยุดนายเลยนะ!
B05-0077	VR Dice & Cube · judge_minigame_sugoroku_koronyan_freetalk	Koro-nyan (?)	เป้าหมายอยู่แค่เลี้ยวเดียวเอง พ่อหนุ่ม! นายต้องจบเรื่องนี้ให้เด็ดขาด ด้วยการคว้ารางวัลใหญ่มาให้ได้!
B05-0078	VR Dice & Cube · judge_minigame_sugoroku_koronyan_freetalk	Koro-nyan (?)	เป้าหมายใกล้มากแล้ว! อย่าให้การเดินทางจบลงตรงนี้นะ! ระวังทุกก้าวที่นายเดินไปด้วย!
B05-0079	VR Dice & Cube · judge_minigame_sugoroku_koronyan_freetalk	Koro-nyan (?)	เป้าหมายอยู่ตรงนั้นแล้ว! ตั้งสติให้ดีและคมกริบเข้าไว้!
B05-0080	VR Dice & Cube · judge_minigame_sugoroku_koronyan_freetalk	Koro-nyan (?)	นายได้ลูกเต๋าเพิ่มแล้ว! อยากพักหายใจสักที่ไหมล่ะ?
B05-0081	VR Dice & Cube · judge_minigame_sugoroku_koronyan_freetalk	Koro-nyan (?)	เยี่ยม! นายได้ลูกเต๋าเพิ่มแล้ว!
B05-0082	VR Dice & Cube · judge_minigame_sugoroku_koronyan_freetalk	Koro-nyan (?)	วาฮ่า! เอาชนะเกมด้วยลูกเต๋าเยอะ ๆ แล้วรับโบนัสก้อนโตไปเลย!
B05-0083	VR Dice & Cube · judge_minigame_sugoroku_koronyan_freetalk	Koro-nyan (?)	ช่องเพิ่มลูกเต๋า! นายนี่โชคดีจริง ๆ เลยนะเนี่ย!
B05-0084	VR Dice & Cube · judge_minigame_sugoroku_koronyan_freetalk	Koro-nyan (?)	ยี้ฮ่า! เห็นตัวเลขลูกเต๋าพุ่งขึ้นแล้ว รู้สึกดีจังเลย...
B05-0085	VR Dice & Cube · judge_minigame_sugoroku_koronyan_freetalk	Koro-nyan (?)	อ๊าก... ลูกเต๋าหายไปบางส่วนแล้ว... พยายามหาเพิ่มเมื่อมีโอกาสนะ
B05-0086	VR Dice & Cube · judge_minigame_sugoroku_koronyan_freetalk	Koro-nyan (?)	โอ๊ย ช่องลดลูกเต๋าเลย... โชคร้ายจริง ๆ!
B05-0087	VR Dice & Cube · judge_minigame_sugoroku_koronyan_freetalk	Koro-nyan (?)	ลูกเต๋าของนายหายลับไปในกระแส ข้อมูลที่ถูกลบไม่รู้จบ... แต่ลูกเต๋าใหม่ก็เกิดขึ้นเรื่อย ๆ เหมือนกันนะ!
B05-0088	VR Dice & Cube · judge_minigame_sugoroku_koronyan_freetalk	Koro-nyan (?)	อ๊าก... จังหวะห่วยแตกจริง ๆ...
B05-0089	VR Dice & Cube · judge_minigame_sugoroku_koronyan_freetalk	Koro-nyan (?)	ไ-ไม่ต้องกังวลไปพ่อหนุ่ม! นายหาลูกเต๋าเพิ่มได้ที่ ช่องต่อสู้หรือช่องเพิ่มลูกเต๋า! เชิดหน้าสู้เข้าไว้!
B05-0090	VR Dice & Cube · judge_minigame_sugoroku_koronyan_freetalk	Koro-nyan (?)	มาถึงช่องวาร์ปแล้ว! อันนี้จะเทเลพอร์ตก้นผอม ๆ ของนายไปยังช่องอื่นบนกระดานเลยล่ะ!
B05-0091	VR Dice & Cube · judge_minigame_sugoroku_koronyan_freetalk	Koro-nyan (?)	พร้อมเข้าสู่ไฮเปอร์สเปซรึยัง? งั้นไปกันเลย!
B05-0092	VR Dice & Cube · judge_minigame_sugoroku_koronyan_freetalk	Koro-nyan (?)	ช่องวาร์ป! พร้อมกระโดดข้ามรึยัง?
B05-0093	VR Dice & Cube · judge_minigame_sugoroku_koronyan_freetalk	Koro-nyan (?)	อ้า ช่องของขวัญ! เก่งมาก! สงสัยจังว่านายจะได้อะไร?
B05-0094	VR Dice & Cube · judge_minigame_sugoroku_koronyan_freetalk	Koro-nyan (?)	เอาล่ะ ช่องของขวัญ! เอาไปให้เต็มที่เลยนะ?
B05-0095	VR Dice & Cube · judge_minigame_sugoroku_koronyan_freetalk	Koro-nyan (?)	หืม? ดูเหมือนนายกำลังจะได้อะไรสัก อย่างแล้ว!
B05-0096	VR Dice & Cube · judge_minigame_sugoroku_koronyan_freetalk	Koro-nyan (?)	อืม ช่องของขวัญ สงสัยจังว่าจะได้อะไร รู้สึกว่าน่าจะเป็นของดีจริง ๆ เลยนะ!
B05-0097	VR Dice & Cube · judge_minigame_sugoroku_koronyan_freetalk	Koro-nyan (?)	วาฮ่า! ดูเหมือนจะมีของขวัญให้นายด้วยนะ!
B05-0098	VR Dice & Cube · judge_minigame_sugoroku_koronyan_freetalk	Koro-nyan (?)	พลาดแล้ว! กลับไปเริ่มต้นใหม่เลย!
B05-0099	VR Dice & Cube · judge_minigame_sugoroku_koronyan_freetalk	Koro-nyan (?)	ลูกเต๋าของนายหมดแล้ว! ซึ่งหมายความว่า...
B05-0100	VR Dice & Cube · judge_minigame_sugoroku_koronyan_freetalk	Koro-nyan (?)	เกมโอเวอร์สำหรับนายแล้ว! น่าเสียดายจัง แต่ฉันจะรอนายกลับมาใหม่นะ!
B05-0101	VR Dice & Cube · judge_minigame_sugoroku_koronyan_freetalk	Koro-nyan (?)	เฮ่! ลูกเต๋าของนายหมดเกลี้ยงเลย!
B05-0102	VR Dice & Cube · judge_minigame_sugoroku_koronyan_freetalk	Koro-nyan (?)	ขอโทษด้วยนะ แต่นั่นหมายความว่าเกมนี้จบแล้ว... คราวหน้าไปให้ถึงเป้าหมายกันนะ
B05-0103	VR Dice & Cube · judge_minigame_sugoroku_koronyan_freetalk	Koro-nyan (?)	ดูเหมือนลูกเต๋าจะไม่พอแล้วนะ! ซึ่งหมายความว่า...
B05-0104	VR Dice & Cube · judge_minigame_sugoroku_koronyan_freetalk	Koro-nyan (?)	เกมนี้จบลงแบบกะทันหันเลย... แต่คราวหน้าเราจะทำได้ดีกว่านี้แน่นอน!
B05-0105	VR Dice & Cube · judge_minigame_sugoroku_koronyan_freetalk	Koro-nyan (?)	เลือดของนายหมดอีกแล้วสิ... ฉันรักษาให้ได้นะ แต่นายต้องกลับไปเริ่มต้นใหม่ล่ะ!
B05-0106	VR Dice & Cube · judge_minigame_sugoroku_koronyan_freetalk	Koro-nyan (?)	เลือดของนายหมดแล้ว! เอาล่ะ ฉันคงต้องรักษาให้นาย... แต่นั่นหมายความว่านายจะถูกเตะ กลับไปเริ่มต้นใหม่นะ!
B05-0107	VR Dice & Cube · judge_minigame_sugoroku_koronyan_freetalk	Koro-nyan (?)	เลือดของนายหมดเกลี้ยงแล้ว ฉันจะให้โอกาสนายอีกครั้ง แต่นายต้องเริ่มต้นใหม่นะ!
B05-0108	VR Dice & Cube · judge_minigame_sugoroku_koronyan_freetalk	Koro-nyan (?)	เฮ่ เฮ่! มันก็เป็นแบบนี้แหละบางที รู้ไหม? อย่าคิดมากไปเลยนะ...
B05-0109	VR Dice & Cube · judge_minigame_sugoroku_koronyan_freetalk	Koro-nyan (?)	เกิดอะไรขึ้นเนี่ย? เอาล่ะ ไม่ต้องกังวลมากไป นายจะได้โอกาสอีกครั้งแน่นอน!
B05-0110	VR Dice & Cube · judge_minigame_sugoroku_koronyan_freetalk	Koro-nyan (?)	งัดกุญแจนี่ยากใช่ไหมล่ะ? เอาล่ะ ขอให้โชคดีในครั้งหน้า!
B05-0111	VR Dice & Cube · judge_minigame_sugoroku_koronyan_freetalk	Koro-nyan (?)	วาฮ่า! รู้แล้วเชียวว่านายทำได้! ของดีจริง ๆ เลยใช่ไหมล่ะ?
B05-0112	VR Dice & Cube · judge_minigame_sugoroku_koronyan_freetalk	Koro-nyan (?)	โอ้โฮ! ไม่แปลกใจเลยที่ของแบบนี้ถูก เก็บไว้ในเซฟ
B05-0113	VR Dice & Cube · judge_minigame_sugoroku_koronyan_freetalk	Koro-nyan (?)	เก่งมากพ่อหนุ่ม! ของชิ้นนี้ต้องมีค่ามหาศาลแน่ ๆ!
B05-0114	VR Dice & Cube · judge_minigame_sugoroku_koronyan_freetalk	Koro-nyan (?)	เก่งมากพ่อหนุ่ม! ฉันรู้สึกเหมือนมีราชา โคโระเนียงอีกตัวอยู่แถวนี้แหละ!
B05-0115	VR Dice & Cube · judge_minigame_sugoroku_koronyan_freetalk	Koro-nyan (?)	ดูเหมือนจะมีราชาโคโระเนียงอีก ตัวอยู่ในเมืองนะ! เช็กดูในแผนที่สิ
B05-0116	VR Dice & Cube · judge_minigame_sugoroku_koronyan_freetalk	Koro-nyan (?)	เก่งมากพ่อหนุ่ม! น่าจะมีราชาโคโระเนียงอีกตัว อยู่ในเมืองนะ!
B05-0117	VR Dice & Cube · judge_minigame_sugoroku_koronyan_freetalk	Koro-nyan (?)	หวุดหวิดจริง ๆ! ดูเหมือนนายจะหยุดคุโระเนียงไม่ ให้โผล่มาอีกได้แล้วนะ!
B05-0118	VR Dice & Cube · judge_minigame_sugoroku_koronyan_freetalk	Koro-nyan (?)	นายป้องกันไม่ให้คุโระเนียงตัว อื่นโผล่มาได้แล้ว! เก่งมากพ่อหนุ่ม!
B05-0119	VR Dice & Cube · judge_minigame_sugoroku_koronyan_freetalk	Koro-nyan (?)	ดูเหมือนนายจะกันคุโระเนียง ออกจากเมืองได้สำเร็จแล้วนะ! ต่อให้เป็นฉันเองก็ทำได้ดีกว่า นี้ไม่ได้แล้ว!
B05-0120	VR Dice & Cube · judge_minigame_sugoroku_koronyan_freetalk	Koro-nyan (?)	เมี๊ยว! คุโระเนียงอีกตัวโผล่มาบนแผนที่แล้ว!
B05-0121	VR Dice & Cube · judge_minigame_sugoroku_koronyan_freetalk	Koro-nyan (?)	ฉันเป็นห่วงว่าอาจมีคุโระเนียง อีกตัวอยู่... ช่วยเช็กแผนที่ให้ฉันหน่อยได้ไหม?
B05-0122	VR Dice & Cube · judge_minigame_sugoroku_koronyan_freetalk	Koro-nyan (?)	โว้ว! ฉันตรวจจับคุโระเนียงอีกตัวได้แล้ว! ต่อจากนี้เราต้องระวังตัวให้ดีเลยล่ะ...
B05-0123	VR Dice & Cube · judge_minigame_sugoroku_koronyan_freetalk	Koro-nyan (?)	อื๊อ! ฉันมีลางไม่ดีเลย... รู้สึกได้ถึงการมีอยู่ของ คุโระเนียงแถวนี้แน่ ๆ!
B05-0124	VR Dice & Cube · judge_minigame_sugoroku_koronyan_freetalk	Koro-nyan (?)	ฉันรู้สึกได้ถึงพลังอันยิ่งใหญ่ ของราชาโคโระเนียงอยู่แถวนี้เลย!\nฉันว่าเราควรออกตามหาเขากันดีกว่า!
B05-0125	VR Dice & Cube · judge_minigame_sugoroku_koronyan_freetalk	Koro-nyan (?)	ดีใจจังที่ได้เจอ โอ้ ราชาโคโระเนียงผู้ยิ่งใหญ่! ...นายรู้ใช่ไหมว่านี่หมายความว่าอะไร!
B05-0126	VR Dice & Cube · judge_minigame_sugoroku_koronyan_freetalk	Koro-nyan (?)	ใครก็ได้เรียกตำรวจอินเทอร์เน็ตที เพราะนายพลาดไปแล้ว! ทำไมต้องไปชนคุโระเนียงแบบนั้น ด้วยเนี่ย!?
B05-0127	VR Dice & Cube · judge_minigame_sugoroku_koronyan_freetalk	Koro-nyan (?)	ยี้ฮ้าาาา!!! ได้เวลาโหมดโคโระเนียงแล้วพ่อหนุ่ม!!! เรากำลังจะรวยเละกันแล้ว!!!
B05-0128	VR Dice & Cube · judge_minigame_sugoroku_koronyan_freetalk	Koro-nyan (?)	ฉันรู้สึกถึงพลังที่พลุ่งพล่าน อยู่ในร่างแมวทรง ลูกบาศก์ของฉันแล้ว!!! ไปกลิ้งรอบกระดานกวาดเงินกันเถอะ!
B05-0129	VR Dice & Cube · judge_minigame_sugoroku_koronyan_freetalk	Koro-nyan (?)	ในที่สุดเวลาก็มาถึงแล้ว... เวลาปลดปล่อยพลังที่แท้จริงของฉัน!!! ได้เวลาของฉันแล้ว!!!
B05-0130	VR Dice & Cube · judge_minigame_sugoroku_koronyan_freetalk	Koro-nyan (?)	แล้วก็ได้เวลาศึกน็อกเอาต์เริ่มขึ้น! ซัดให้กระเด็นไปเลย!!!
B05-0131	VR Dice & Cube · judge_minigame_sugoroku_koronyan_freetalk	Koro-nyan (?)	ตั้งสติไว้ ศิษย์เอ๋ยศิษย์ซนของฉัน! ศึกน็อกเอาต์กำลังจะเริ่มแล้ว!
B05-0132	VR Dice & Cube · judge_minigame_sugoroku_koronyan_freetalk	Koro-nyan (?)	"จะซัดให้เรียบ! แม่บอกให้ซัดให้เรียบ!" ...อ้าว ก็มันคือศึกน็อกเอาต์อยู่แล้วนี่!
B05-0133	VR Dice & Cube · judge_minigame_sugoroku_koronyan_freetalk	Koro-nyan (?)	พร้อมรึยัง? งั้นเริ่มศึกน็อกเอาต์กันเลย!
B05-0134	VR Dice & Cube · judge_minigame_sugoroku_koronyan_freetalk	Koro-nyan (?)	นายรู้อยู่แล้วใช่ไหมว่ามันต้องมา? ได้เวลาศึกน็อกเอาต์แล้ว!
B05-0135	VR Dice & Cube · judge_minigame_sugoroku_koronyan_freetalk	Koro-nyan (?)	ได้เวลาพังทุกอย่างที่เห็นแล้ว! ใช่แล้ว มันคือศึกทำลายล้าง!
B05-0136	VR Dice & Cube · judge_minigame_sugoroku_koronyan_freetalk	Koro-nyan (?)	ฉันจะส่งนายหัวทิ่มเข้าสู่ ศึกทำลายล้างเลย เตรียมพังของให้เรียบเลยนะ!
B05-0137	VR Dice & Cube · judge_minigame_sugoroku_koronyan_freetalk	Koro-nyan (?)	ยิ่งพังเยอะ ยิ่งได้โบนัสเยอะ! ถล่มทั้งที่ให้ราบเลย! อย่าให้เหลืออะไรดี ๆ สักชิ้น!
B05-0138	VR Dice & Cube · judge_minigame_sugoroku_koronyan_freetalk	Koro-nyan (?)	นี่คือศึกทำลายล้างพิเศษ! มันพิเศษตรงไหนเหรอ? ฉันก็ไม่รู้เหมือนกัน! อาละวาดให้สุดเหวี่ยงเหมือนที่ นายทำเป็นประจำก็พอ!!!
B05-0139	VR Dice & Cube · judge_minigame_sugoroku_koronyan_freetalk	Koro-nyan (?)	ความตึงเครียดข้นเหมือนเนย... ความคั่งแค้นที่อัดอั้นกำลังจะ ระเบิดออกมา... เริ่มศึกทำลายล้างกันเลย!!!
B05-0140	VR Dice & Cube · judge_minigame_sugoroku_koronyan_freetalk	Koro-nyan (?)	เก่งเหมือนเดิมเลยนะ! นี่โบนัสเล็ก ๆ น้อย ๆ สำหรับนาย!
B05-0141	VR Dice & Cube · judge_minigame_sugoroku_koronyan_freetalk	Koro-nyan (?)	นั่นมันสุดยอดจริง ๆ พ่อหนุ่ม! นี่โบนัสของนาย!
B05-0142	VR Dice & Cube · judge_minigame_sugoroku_koronyan_freetalk	Koro-nyan (?)	ทำได้ดีทีเดียว! เอาโบนัสไปสิ อย่าใช้หมดในที่เดียวล่ะ!
B05-0143	VR Dice & Cube · judge_minigame_sugoroku_koronyan_freetalk	Koro-nyan (?)	ครั้งนี้ไม่ค่อยดีเท่าไหร่นะ... คราวหน้าทำให้ดีกว่านี้ล่ะ!
B05-0144	VR Dice & Cube · judge_minigame_sugoroku_koronyan_freetalk	Koro-nyan (?)	ไอเทมของนายถูกขโมยไปแล้วพ่อหนุ่ม! หาไอ้คุโระเนียงเวรนั่นในแผนที่ แล้วไล่ล่ามันเลย!
B05-0145	VR Dice & Cube · judge_minigame_sugoroku_koronyan_freetalk	Koro-nyan (?)	คุโระเนียงคว้าไอเทมของนายไปแล้ว! ให้อภัยไม่ได้เด็ดขาด! ไปจัดการมันกัน!
B05-0146	VR Dice & Cube · judge_minigame_sugoroku_koronyan_freetalk	Koro-nyan (?)	ไอ้นักต้มตุ๋นตัวแสบนั่น! มันปล้นของมีค่าของนายไปหมดเลย! ให้มันจ่ายคืนเป็นสองเท่าเลยพ่อหนุ่ม!
B05-0147	VR Dice & Cube · judge_minigame_sugoroku_koronyan_freetalk	Koro-nyan (?)	โชคดีที่นายไม่มีอะไรติดตัวไปเลย เอาไปคิดดูให้ดีนะ คุโระเนียง!
B05-0148	VR Dice & Cube · judge_minigame_sugoroku_koronyan_freetalk	Koro-nyan (?)	*ดมดม* ฉันได้กลิ่นไอเทมที่เราถือมาแล้ว นั่นแปลว่า...
B05-0149	VR Dice & Cube · judge_minigame_sugoroku_koronyan_freetalk	Koro-nyan (?)	เจอมันแล้ว! เอาล่ะพ่อหนุ่ม! จัดการไอ้ขโมยซุ่มซ่ามนี่แล้ว เอาไอเทมคืนมาเลย!
B05-0150	VR Dice & Cube · judge_minigame_sugoroku_koronyan_freetalk	Koro-nyan (?)	อา... การแก้แค้นช่างแสนหวาน! โอ้ นายได้ไอเทมคืนมาด้วยนะ! สุดยอดไปเลย!
B05-0151	VR Dice & Cube · judge_minigame_sugoroku_koronyan_freetalk	Koro-nyan (?)	สุดท้ายนายได้มากกว่าที่เริ่มต้นซะอีก! แต่คราวหน้าก็ระวังคุโระเนียงด้วยล่ะ!
B05-0152	VR Dice & Cube · judge_minigame_sugoroku_koronyan_freetalk	Koro-nyan (?)	นายแพ้ไป... แต่ยังมีเวลาอยู่นะ! ทำให้เต็มที่แล้วหาไอเทมมา ให้ได้มากที่สุดเลย!
B05-0153	VR Dice & Cube · judge_minigame_sugoroku_koronyan_freetalk	Koro-nyan (?)	มันหนีไปแล้ว...! เอาล่ะ อย่าเก็บมาคิดมากเลยนะ ยังไงนายก็เก็บไอเทมเพิ่มได้อยู่ดี!
B05-0154	VR Dice & Cube · judge_minigame_sugoroku_koronyan_freetalk	? (?)	ลูกเต๋าออกเลข 5, 6 และ 2... เริ่มระบบเปิดใช้งานโหมดโคโระเนียง!
B05-0155	VR Dice & Cube · judge_minigame_sugoroku_koronyan_system	Koro-nyan (?)	เหลืออีก <color=white>${value}</color> ช่องก็จะถึงเป้าหมายแล้ว!\nรีบเผ่นมาให้ไวเหมือนแมวโดนไฟลน ก้นเลยนะ!
