id	ฉาก	ผู้พูด	EN	TH
R06-0001	VR Dice & Cube · judge_minigame_sugoroku_koronyan	Koro-nyan (?)	Well, if it ain't a fresh new face! Howdy! The name's Koro-nyan, an' I run this dang ol' Dice & Cube game!	โอ้โห หน้าใหม่นี่เอง! สวัสดีจ้า! ฉันชื่อโคโระเนียง เจ้าของเกม Dice & Cube เกมป่วนๆ นี้เอง!
R06-0002	VR Dice & Cube · judge_minigame_sugoroku_koronyan	Koro-nyan (?)	I was born n' raised in Hiroshima, y'see. Back home I always dreamed of bein' a big-time mascot, and well—here I am!	เกิดและโตที่ฮิโรชิม่านะ แต่ไหนแต่ไรก็ฝันอยากเป็นมาสคอต ชื่อดัง แล้วนี่ก็มายืนอยู่ตรงนี้แล้วไงล่ะ!
R06-0003	VR Dice & Cube · judge_minigame_sugoroku_koronyan	Koro-nyan (?)	'Fraid ya only get one roll at the moment...	เกรงว่าตอนนี้จะทอยได้แค่ครั้งเดียวนะ...
R06-0004	VR Dice & Cube · judge_minigame_sugoroku_koronyan	Koro-nyan (?)	If ya can't get to a Dice Plus space or reach the goal within that roll...	ถ้าทอยแล้วไปไม่ถึงช่องเพิ่มลูกเต๋า หรือถึงเส้นชัยไม่ได้ในครั้งนั้น...
R06-0005	VR Dice & Cube · judge_minigame_sugoroku_koronyan	Koro-nyan (?)	It'll be game over. So better hope n' pray that Lady Luck be with ya whenever them dice get to rollin'!	เกมโอเวอร์ทันที เพราะงั้นภาวนาให้เทพโชคอยู่ ข้างนายไว้ทุกครั้งที่ ลูกเต๋าหมุนเลยนะ!
R06-0006	VR Dice & Cube · judge_minigame_sugoroku_koronyan	Koro-nyan (?)	Now then. Notice that the number atop the dice went down by 1?	เอาล่ะทีนี้ สังเกตไหมว่าตัวเลขบนลูกเต๋าลดลงไป 1?
R06-0007	VR Dice & Cube · judge_minigame_sugoroku_koronyan	Koro-nyan (?)	That number shows how many dice ya throw during this crazy ol' game. An' when it reaches 0...	ตัวเลขนั้นบอกว่านายทอยลูกเต๋า ได้อีกกี่ครั้งในเกมสุดบ้านี้ แล้วพอมันเหลือ 0 เมื่อไหร่...
R06-0008	VR Dice & Cube · judge_minigame_sugoroku_koronyan	Koro-nyan (?)	Bang! Boom! Kablow! It's game over, sonny! So mind that dice number whenever ya make yer moves.	ปัง! บึ้ม! ตูม! เกมโอเวอร์เลยนะ พ่อหนุ่ม! เพราะงั้นดูเลขลูกเต๋าให้ดี ทุกครั้งที่ขยับ
R06-0009	VR Dice & Cube · judge_minigame_sugoroku_koronyan	Koro-nyan (?)	Oh! But the higher yer number is here, the higher the bonus you get!	อ้อ! แต่ถ้าตัวเลขนี้ยิ่งสูง โบนัสที่ได้ก็ยิ่งเยอะนะ!
R06-0010	VR Dice & Cube · judge_minigame_sugoroku_koronyan	Koro-nyan (?)	The bonus changes depending on how much ya have left. Just press <symbol=button_shikaku> to lookit the details!	โบนัสจะเปลี่ยนไปตามจำนวนที่เหลืออยู่ กด <symbol=button_shikaku> เพื่อดูรายละเอียดได้เลย!
R06-0011	VR Dice & Cube · judge_minigame_sugoroku_koronyan	Koro-nyan (?)	Let's keep on goin', sonny boy!	ไปกันต่อเลย พ่อหนุ่ม!
R06-0012	VR Dice & Cube · judge_minigame_sugoroku_koronyan	Koro-nyan (?)	Nice li'l trinket ya got there. These item doohickeys or whatever ya kids call 'em are exchanged fer cash at the end.	ของกระจุกกระจิกชิ้นเก่งนี่นา ไอเทมอะไรพวกนี้แหละที่เด็ก สมัยนี้เรียกกัน สุดท้ายจะแลกเป็นเงินสดได้ตอนจบเกม
R06-0013	VR Dice & Cube · judge_minigame_sugoroku_koronyan	Koro-nyan (?)	By the way, you can check the details of yer items by pressing <symbol=button_sankaku>, so keep that in your noggin!	ว่าแต่ นายเช็กรายละเอียดไอเทมได้ด้วยการกด <symbol=button_sankaku> นะ จำใส่หัวไว้ด้วยล่ะ!
R06-0014	VR Dice & Cube · judge_minigame_sugoroku_koronyan	Koro-nyan (?)	A branching path, eh? Well, whichever way ya go is upta you...	ทางแยกสินะ? เอาล่ะ จะไปทางไหนก็แล้วแต่นายเลย...
R06-0015	VR Dice & Cube · judge_minigame_sugoroku_koronyan	Koro-nyan (?)	But whatever fate befalls ya is yer responsibility alone.	แต่ชะตากรรมที่จะเกิดขึ้น นายต้องรับผิดชอบเองคนเดียวนะ
R06-0016	VR Dice & Cube · judge_minigame_sugoroku_koronyan	Koro-nyan (?)	...By the way, y'can check what's ahead by pressing <symbol=button_l1> and lookin' at the dang ol' map.	...ว่าแต่ นายเช็กเส้นทางข้างหน้าได้โดยกด <symbol=button_l1> แล้วดูแผนที่บ้าบอนั่นได้นะ
R06-0017	VR Dice & Cube · judge_minigame_sugoroku_koronyan	Koro-nyan (?)	The goal draws close! It's just a straight path to the goal now.	ใกล้ถึงเส้นชัยแล้ว! ตอนนี้เหลือแค่ทางตรงไปเส้นชัยเลย
R06-0018	VR Dice & Cube · judge_minigame_sugoroku_koronyan	Koro-nyan (?)	Watch your footing and get yerself on over to the goal! Hop to it!	ระวังฝีเท้าแล้วรีบไปให้ถึง เส้นชัยเลยนะ! ไปได้แล้ว!
R06-0019	VR Dice & Cube · judge_minigame_sugoroku_koronyan	Koro-nyan (?)	"Dice Plus" increases yer dice by the number displayed on the space.	ช่องเพิ่มลูกเต๋า จะเพิ่มจำนวนลูกเต๋าให้นาย ตามตัวเลขที่แสดงในช่องนั้น
R06-0020	VR Dice & Cube · judge_minigame_sugoroku_koronyan	Koro-nyan (?)	It might be a good idea to try n' go for these spaces when yer startin' t'run outta dice!	ถ้าลูกเต๋าใกล้จะหมด ลองมุ่งไปช่องพวกนี้ดูก็ไม่เลวนะ!
R06-0021	VR Dice & Cube · judge_minigame_sugoroku_koronyan	Koro-nyan (?)	"Dice Minus" decreases yer dice by the number displayed on the space.	ช่องลดลูกเต๋า จะลดจำนวนลูกเต๋าของนายตามตัว เลขที่แสดงในช่องนั้น
R06-0022	VR Dice & Cube · judge_minigame_sugoroku_koronyan	Koro-nyan (?)	Y'can get yer dice back by clearin' "Battle Spaces" or landin' on "Dice Plus" spaces!	นายจะได้ลูกเต๋าคืนได้ด้วยการ ผ่านช่องต่อสู้ หรือหยุดที่ช่องเพิ่มลูกเต๋า!
R06-0023	VR Dice & Cube · judge_minigame_sugoroku_koronyan	Koro-nyan (?)	"Gift Space" gives ya items to exchange. Y'might even get somethin' rare n' shiny to boot!	ช่องของขวัญ จะให้ไอเทมมาแลกเปลี่ยน อาจจะได้ของหายากแวววาว ติดไม้ติดมือมาด้วยก็ได้นะ!
R06-0024	VR Dice & Cube · judge_minigame_sugoroku_koronyan	Koro-nyan (?)	This's a space where only good things happen, so y'better thank yer lucky stars if ya land here!	ช่องนี้มีแต่เรื่องดีๆ เกิดขึ้น ถ้าหยุดตรงนี้ก็ขอบคุณดวงตัวเอง ไว้เลยนะ!
R06-0025	VR Dice & Cube · judge_minigame_sugoroku_koronyan	Koro-nyan (?)	This here's a "Battle Space." The more stars it's got, the rougher n' tougher the battles are!	นี่คือ ช่องต่อสู้ ยิ่งมีดาวเยอะเท่าไหร่ การต่อสู้ก็ยิ่งโหดยิ่งหินขึ้น เท่านั้น!
R06-0026	VR Dice & Cube · judge_minigame_sugoroku_koronyan	Koro-nyan (?)	But if ya manage to win, the number of stars the space had will be added t'yer total dice. Not bad, eh?	แต่ถ้าเอาชนะได้ล่ะก็ จำนวนดาวของช่องนั้นจะถูกบวก เพิ่มเข้าไปในลูกเต๋ารวมของนาย ไม่เลวใช่ไหมล่ะ?
R06-0027	VR Dice & Cube · judge_minigame_sugoroku_koronyan	Koro-nyan (?)	Okie-doke... Time to show this cockamamie vidya game what yer made of!	โอเคเลย... ได้เวลาโชว์ฝีมือให้เกมบ้าๆ นี่เห็นกันแล้วล่ะ!
R06-0028	VR Dice & Cube · judge_minigame_sugoroku_koronyan	Koro-nyan (?)	Ya won't get yer reward unless ya win. Also, you'll be dragged back to the startin' point as a penalty!	ถ้าไม่ชนะก็ไม่ได้รางวัลนะ แถมยังถูกลากกลับไปจุดเริ่มต้น เป็นการลงโทษด้วย!
R06-0029	VR Dice & Cube · judge_minigame_sugoroku_koronyan	Koro-nyan (?)	Better luck next time, sonny boy! Hope ya get somethin' good!	ขอให้โชคดีขึ้นในครั้งหน้านะ พ่อหนุ่ม! หวังว่าจะได้ของดีๆ นะ!
R06-0030	VR Dice & Cube · judge_minigame_sugoroku_koronyan	Koro-nyan (?)	S-Sonny boy... yer down to zero health! That means y'gotta start from the beginnin'!	พ่อ-พ่อหนุ่ม... เลือดนายหมดแล้ว! หมายความว่าต้องเริ่มใหม่ตั้ง แต่ต้นเลยนะ!
R06-0031	VR Dice & Cube · judge_minigame_sugoroku_koronyan	Koro-nyan (?)	Don't worry, I'll get yer health bar back on track... jus' be more careful now, y'hear?	ไม่ต้องห่วง เดี๋ยวฉันจะเติมเลือดให้นายใหม่... แค่ระวังตัวหน่อยนะ ได้ยินไหม?
R06-0032	VR Dice & Cube · judge_minigame_sugoroku_koronyan	Koro-nyan (?)	If you fail, sonny...	ถ้านายทำพลาด พ่อหนุ่ม...
R06-0033	VR Dice & Cube · judge_minigame_sugoroku_koronyan	Koro-nyan (?)	You'll get kicked back to the start, no doubt! Y'will get all yer health back, though.	จะโดนเตะกลับไปจุดเริ่มต้นแน่นอน! แต่เลือดจะได้กลับมาเต็มนะ
R06-0034	VR Dice & Cube · judge_minigame_sugoroku_koronyan	Koro-nyan (?)	Ya don't have enough dice! Which means...	ลูกเต๋านายไม่พอแล้ว! นั่นหมายความว่า...
R06-0035	VR Dice & Cube · judge_minigame_sugoroku_koronyan	Koro-nyan (?)	The game's over... Fret not, I'm always here fer ya, so come back again anytime!	เกมจบแล้วล่ะ... ไม่ต้องกังวลไป ฉันอยู่ตรงนี้เสมอ กลับมาใหม่เมื่อไหร่ก็ได้นะ!
R06-0036	VR Dice & Cube · judge_minigame_sugoroku_koronyan	Koro-nyan (?)	This ain't just' any ol' Battle Space... it's a Destruction Battle Space, where y'can legally go on an insane rampage!	นี่ไม่ใช่ ช่องต่อสู้ ธรรมดาๆ นะ... มันคือ ช่องต่อสู้แบบทำลายล้าง ที่นายจะได้อาละวาดสุดเหวี่ยง แบบถูกกฎหมายเลย!
R06-0037	VR Dice & Cube · judge_minigame_sugoroku_koronyan	Koro-nyan (?)	Y'gotta break, smash, n' overturn everything in this here store within the given time limit!	นายต้องพัง ทุบ แล้วก็คว่ำทุกอย่างในร้านนี้ให้ หมดภายในเวลาที่กำหนด!
R06-0038	VR Dice & Cube · judge_minigame_sugoroku_koronyan	Koro-nyan (?)	Yer gonna keep on failin' if ya can't wreck everythin' within the time limit...	ถ้าทุบทำลายทุกอย่างไม่หมดใน เวลาที่กำหนด นายก็จะพลาดไปเรื่อยๆ นะ...
R06-0039	VR Dice & Cube · judge_minigame_sugoroku_koronyan	Koro-nyan (?)	Put some elbow grease into it next time, eh?	ครั้งหน้าออกแรงให้เต็มที่หน่อยนะ เอาไหมล่ะ?
R06-0040	VR Dice & Cube · judge_minigame_sugoroku_koronyan	Koro-nyan (?)	Ah, this's a Warp Space! If y'manage to land here, y'can warp to a different space on the board!	อ้า นี่คือ ช่องวาร์ป! ถ้าหยุดตรงนี้ได้ นายจะเวิร์ปไปยังช่องอื่นบน กระดานได้เลย!
R06-0041	VR Dice & Cube · judge_minigame_sugoroku_koronyan	Koro-nyan (?)	This space here n' the one it warps to stay connected, so y'can go back n' forth as much as y'want! Use 'em wisely!	ช่องนี้กับช่องปลายทางเชื่อมกันอยู่ ไปๆ มาๆ ได้ตามใจชอบเลย ใช้ให้ฉลาดล่ะ!
R06-0042	VR Dice & Cube · judge_minigame_sugoroku_koronyan	Koro-nyan (?)	This right here's a Drone Space, where you'll fight a vicious drone. Sure didn't have these back in my day...	ตรงนี้คือ ช่องโดรน นายจะต้องสู้กับโดรนดุร้าย สมัยฉันไม่มีของแบบนี้หรอกนะ...
R06-0043	VR Dice & Cube · judge_minigame_sugoroku_koronyan	Koro-nyan (?)	Anyway, all y'need to do is shoot down the enemy drones by usin' yer high-flyin', quick-dodgin' piloting skills!	ยังไงก็ตาม สิ่งที่นายต้องทำก็แค่ยิงโดรน ศัตรูให้ร่วง ด้วยฝีมือการบินโฉบเฉี่ยวหลบ เก่งของนายนั่นแหละ!
R06-0044	VR Dice & Cube · judge_minigame_sugoroku_koronyan	Koro-nyan (?)	So ya got shot down, huh... Guess they were a lick too fast for ya.	โดนยิงร่วงซะแล้วสินะ... สงสัยพวกมันจะไวกว่านายนิดหน่อยนะ
R06-0045	VR Dice & Cube · judge_minigame_sugoroku_koronyan	Koro-nyan (?)	It happens! You'll jus' hafta start over, m'boy!	มันก็เกิดขึ้นได้! นายแค่ต้องเริ่มใหม่ พ่อหนุ่ม!
R06-0046	VR Dice & Cube · judge_minigame_sugoroku_koronyan	Koro-nyan (?)	When y'land on a Safe Space, you'll hafta open a locked safe usin' lock pickin' or even the good ol' thumb turn bypass.	พอหยุดที่ ช่องตู้เซฟ นายจะต้องงัดตู้เซฟที่ล็อกอยู่ ด้วยการงัดกุญแจหรือ เลี่ยงกลอนบิดแบบเก่าแก่ นั่นแหละ
R06-0047	VR Dice & Cube · judge_minigame_sugoroku_koronyan	Koro-nyan (?)	You'll get a mighty-fine item if y'can open the safe in time.	ถ้างัดตู้เซฟทันเวลา นายจะได้ไอเทมชั้นดีไปเลยนะ
R06-0048	VR Dice & Cube · judge_minigame_sugoroku_koronyan	Koro-nyan (?)	Couldn't do it? Nice goin', butterfingers...	ทำไม่ได้เหรอ? เก่งมากเลยนะ เจ้ามือลั่น...
R06-0049	VR Dice & Cube · judge_minigame_sugoroku_koronyan	Koro-nyan (?)	Now whatever was inside is gone! Try not t'let the next chance slip through yer fingers, y'hear?	ทีนี้ของที่อยู่ข้างในก็หายไปหมดแล้ว! ครั้งหน้าอย่าให้โอกาสหลุดมือไปอีกล่ะ ได้ยินไหม?
R06-0050	VR Dice & Cube · judge_minigame_sugoroku_koronyan	Koro-nyan (?)	Y'really cleared the entire course!? Say... that's one fer the record books, I'll tell ya that!	นายเคลียร์ทั้งด่านได้จริงๆ เหรอเนี่ย!? ว้าว... นี่ต้องบันทึกลงประวัติศาสตร์เลยนะ บอกเลย!
R06-0051	VR Dice & Cube · judge_minigame_sugoroku_koronyan	Koro-nyan (?)	We gotta celebrate with some sake! Hm? VR sake, o'course!	ต้องฉลองด้วยสาเกสักหน่อยแล้ว! หืม? ก็สาเก VR น่ะสิ!
R06-0052	VR Dice & Cube · judge_minigame_sugoroku_koronyan	Koro-nyan (?)	Ah. The time has come. Y'see, when you roll 5 6 2...	อ้า ถึงเวลาแล้ว นายดูนะ พอนายทอยได้ 5 6 2...
R06-0053	VR Dice & Cube · judge_minigame_sugoroku_koronyan	Koro-nyan (?)	In other words, my favorite number... you'll immediately enter... Koro-nyan Mode!	พูดง่ายๆ ก็คือตัวเลขที่ฉันชอบที่สุด... นายจะเข้าสู่... โคโระเนียงโหมดทันที!
R06-0054	VR Dice & Cube · judge_minigame_sugoroku_koronyan	Koro-nyan (?)	You're in luck, sonny! Let's give it a go!!!	โชคดีจังเลย พ่อหนุ่ม! ลองดูกันเลย!!!
R06-0055	VR Dice & Cube · judge_minigame_sugoroku_koronyan	Koro-nyan (?)	That sparkly golden fella over there... is actually an incarnation of the great King Koro-nyan!	ตัวแวววาวสีทองที่อยู่ตรงโน้น... จริงๆ แล้วคือร่างอวตารของราชา โคโระเนียงผู้ยิ่งใหญ่เลยนะ!
R06-0056	VR Dice & Cube · judge_minigame_sugoroku_koronyan	Koro-nyan (?)	If y'defeat him, an extra King Koro-nyan will appear on the map!	ถ้าเอาชนะเขาได้ ราชาโคโระเนียงตัวพิเศษจะปรากฏ ขึ้นบนแผนที่อีกตัวนะ!
R06-0057	VR Dice & Cube · judge_minigame_sugoroku_koronyan	Koro-nyan (?)	Now go get 'em... an' receive the great King Koro-nyan's blessing!	ไปจัดการซะ... แล้วรับพรจากราชาโคโระเนียง ผู้ยิ่งใหญ่เลย!
R06-0058	VR Dice & Cube · judge_minigame_sugoroku_koronyan	Koro-nyan (?)	A job well done, m'boy! Now, somewhere in the city...	ทำได้ดีมาก พ่อหนุ่ม! เอาล่ะ ที่ไหนสักแห่งในเมือง...
R06-0059	VR Dice & Cube · judge_minigame_sugoroku_koronyan	Koro-nyan (?)	Sure is nice to have some company in this doggone virtual prison o'mine, heh heh! Now lemme learn ya the rules!	ดีจังที่มีเพื่อนมาอยู่ในคุก เสมือนจริงของฉันบ้าง เฮ่อๆ! เอาล่ะ ให้ฉันสอนกติกาให้ฟังนะ!
R06-0060	VR Dice & Cube · judge_minigame_sugoroku_koronyan	Koro-nyan (?)	There're 3 basic things y'oughta know 'bout Dice & Cube:	มีสามข้อพื้นฐานที่นายควรรู้เกี่ยวกับ Dice & Cube:
R06-0061	VR Dice & Cube · judge_minigame_sugoroku_koronyan	Koro-nyan (?)	First, y'can start rollin' them there dice with <symbol=button_decide> and stop 'em with <symbol=button_decide>.	ข้อแรก นายเริ่มทอยลูกเต๋าได้ด้วย <symbol=button_decide> แล้วหยุดมันด้วย <symbol=button_decide>
R06-0062	VR Dice & Cube · judge_minigame_sugoroku_koronyan	Koro-nyan (?)	Second, there's a limit to how many dice y'can roll per game.	ข้อสอง จำนวนครั้งที่นายทอยลูกเต๋าได้ ในแต่ละเกมมีจำกัดนะ
R06-0063	VR Dice & Cube · judge_minigame_sugoroku_koronyan	Koro-nyan (?)	And third. Items ya find 'round these parts are converted 'ta cash rewards once all's said n' done.	และข้อสาม ไอเทมที่เจอแถวนี้จะถูกแปลงเป็น เงินรางวัลตอนจบเกม
R06-0064	VR Dice & Cube · judge_minigame_sugoroku_koronyan	Koro-nyan (?)	This third rule's mighty important... but I reckon it's quicker to show ya than just runnin' off at the mouth!	กติกาข้อสามนี้สำคัญมากเลยนะ... แต่ฉันว่าให้ดูของจริงจะเร็ว กว่าพูดพร่ำเยอะๆ!
R06-0065	VR Dice & Cube · judge_minigame_sugoroku_koronyan	Koro-nyan (?)	Time fer yer first roll! Don't be nervous now, sonny. Loosen up them shoulders an' relax them cheeks!	ได้เวลาทอยครั้งแรกแล้ว! อย่าตื่นเต้นนะ พ่อหนุ่ม ผ่อนคลายไหล่แล้วก็แก้มหน่อย!
R06-0066	VR Dice & Cube · judge_minigame_sugoroku_koronyan	Koro-nyan (?)	There should be another King Koro-nyan! Check on yer map by pressing <symbol=button_l1>!	น่าจะมีราชาโคโระเนียงอีกตัวนะ! เช็กแผนที่ได้ด้วยการกด <symbol=button_l1>!
R06-0067	VR Dice & Cube · judge_minigame_sugoroku_koronyan	Koro-nyan (?)	Couldn't get the gold guy, huh... Well, I'm sure you'll see him again sometime!	จับตัวสีทองไม่ได้สินะ... เอาเถอะ ฉันแน่ใจว่านายจะได้เจอมันอีกแน่นอน!
R06-0068	VR Dice & Cube · judge_minigame_sugoroku_koronyan	Koro-nyan (?)	Don't worry about it. Jus' keep doin' yer thing!	ไม่ต้องกังวลไปหรอก แค่ทำในสิ่งที่นายถนัดต่อไปเถอะ!
R06-0069	VR Dice & Cube · judge_minigame_sugoroku_koronyan	Koro-nyan (?)	Th-That purple fella...! That's Kuro-nyan's evil incarnation!	ตั-ตัวสีม่วงนั่น...! นั่นคือร่างชั่วร้ายของคุโระเนียงนี่!
R06-0070	VR Dice & Cube · judge_minigame_sugoroku_koronyan	Koro-nyan (?)	If you don't defeat him, his evil presence'll manifest somewhere in the city...	ถ้านายไม่เอาชนะมัน พลังชั่วร้ายของมันจะแผ่ไป ทั่วเมืองแน่...
R06-0071	VR Dice & Cube · judge_minigame_sugoroku_koronyan	Koro-nyan (?)	Which means another Kuro-nyan will appear! So y'cant afford to lose, sonny boy!	นั่นแปลว่าคุโระเนียงตัวใหม่จะ โผล่มาอีก! เพราะงั้นแพ้ไม่ได้เด็ดขาดนะ พ่อหนุ่ม!
R06-0072	VR Dice & Cube · judge_minigame_sugoroku_koronyan	Koro-nyan (?)	You did it, sonny! Now you won't have to worry about that gosh dern Kuro-nyan...	ทำได้แล้ว พ่อหนุ่ม! ตอนนี้ไม่ต้องห่วงเรื่อง คุโระเนียงจอมป่วนนั่นแล้ว...
R06-0073	VR Dice & Cube · judge_minigame_sugoroku_koronyan	Koro-nyan (?)	For a while, anyway. Y'never know when that dang ol' cat's gonna show up again, so y'best mind yer step.	อย่างน้อยก็สักพักนึงแหละนะ ไม่มีใครรู้ว่าไอ้แมวบ้านั่นจะ โผล่มาอีกเมื่อไหร่ ระวังฝีเท้าไว้ดีกว่า
R06-0074	VR Dice & Cube · judge_minigame_sugoroku_koronyan	Koro-nyan (?)	Doggone it... there's another Kuro-nyan on the map!	อุ๊ยตายจริง... มีคุโระเนียงอีกตัวบนแผนที่แล้ว!
R06-0075	VR Dice & Cube · judge_minigame_sugoroku_koronyan	Koro-nyan (?)	Kuro-nyan likes to give chase, so be careful not to bump into him!	คุโระเนียงชอบไล่ล่านะ ระวังอย่าไปชนมันเข้าล่ะ!
R06-0076	VR Dice & Cube · judge_minigame_sugoroku_koronyan	Koro-nyan (?)	Yowza! My whiskers're tinglin' all of a sudden! Kuro-nyan might be nearby...	โอ้โฮ! จู่ๆ หนวดฉันก็สั่นระริก! คุโระเนียงอาจจะอยู่ใกล้ๆ แถวนี้...
R06-0077	VR Dice & Cube · judge_minigame_sugoroku_koronyan	Koro-nyan (?)	If ya bump inta that mischievous li'l creature, he'll be sure t'cause ya some trouble...	ถ้านายไปชนไอ้ตัวแสบนั่นเข้า มันสร้างปัญหาให้นายแน่นอน...
R06-0078	VR Dice & Cube · judge_minigame_sugoroku_koronyan	Koro-nyan (?)	So make sure to avoid him at all costs! Understand, sonny!?	เพราะงั้นหลบมันให้ไกลๆ ไว้เลยนะ! เข้าใจไหม พ่อหนุ่ม!?
R06-0079	VR Dice & Cube · judge_minigame_sugoroku_koronyan	Koro-nyan (?)	Such a noble n' kingly presence in the air... I reckon King Koro-nyan's nearby!	มีสัมผัสอันสง่างามแบบราชาลอย อยู่ในอากาศ... ฉันว่าราชาโคโระเนียงต้องอยู่ใกล้ๆ แถวนี้แน่ๆ!
R06-0080	VR Dice & Cube · judge_minigame_sugoroku_koronyan	Koro-nyan (?)	Check on the map n' find him, sonny boy!	เช็กแผนที่แล้วตามหามันเลย พ่อหนุ่ม!
R06-0081	VR Dice & Cube · judge_minigame_sugoroku_koronyan	Koro-nyan (?)	Deary me... if it ain't the magnificent King Koro-nyan himself! Never thought I'd live t'see the day!	แหม่ๆ... นี่มันราชาโคโระเนียง ผู้ยิ่งใหญ่ตัวจริงเลยนี่นา! ไม่คิดเลยว่าจะได้เห็นวันนี้!
R06-0082	VR Dice & Cube · judge_minigame_sugoroku_koronyan	Koro-nyan (?)	Y'see, King Koro-nyan's a good and benevolent ruler that governs over virtual Kamurocho!	นายดูนะ ราชาโคโระเนียงเป็นผู้ปกครองที่ ดีและใจบุญที่ดูแล คามุโรโจเสมือนจริงอยู่!
R06-0083	VR Dice & Cube · judge_minigame_sugoroku_koronyan	Koro-nyan (?)	Something good is bound t'happen if ya meet him!	ถ้าได้เจอมัน ต้องมีเรื่องดีๆ เกิดขึ้นแน่นอน!
R06-0084	VR Dice & Cube · judge_minigame_sugoroku_koronyan	Koro-nyan (?)	That's why ya should chase after him whenever you see him!	เพราะงั้นเห็นเมื่อไหร่ก็ไล่ตาม ไปเลยนะ!
R06-0085	VR Dice & Cube · judge_minigame_sugoroku_koronyan	Koro-nyan (?)	No... it can't be... say it ain't so! Unless my eyes deceive me, and deceive me they often do... that's Kuro-nyan!!!	ไม่นะ... เป็นไปไม่ได้... บอกว่าไม่ใช่สิ! นอกจากสายตาฉันจะหลอกตัวเอง ซึ่งก็เกิดขึ้นบ่อยอยู่นะ... นั่นมันคุโระเนียง!!!
R06-0086	VR Dice & Cube · judge_minigame_sugoroku_koronyan	Koro-nyan (?)	He's a trickster who gets his kicks by chasin' folks around and causin' general mischief n' mayhem!	มันเป็นตัวป่วนที่สนุกกับการไล่ คนไปทั่วแล้ว ก่อความวุ่นวายป่วนๆ ไปทั่ว!
R06-0087	VR Dice & Cube · judge_minigame_sugoroku_koronyan	Koro-nyan (?)	Somethin' bad'll definitely happen if you run into him, so be careful, m'boy!	ถ้าเจอมันเข้า ต้องมีเรื่องแย่ๆ เกิดขึ้นแน่นอน ระวังตัวด้วยนะ พ่อหนุ่ม!
R06-0088	VR Dice & Cube · judge_minigame_sugoroku_koronyan	Koro-nyan (?)	So, y'met King Koro-nyan? Well, that's fine n' dan— Ehh!? What's happenin' to me...?	อ้อ นายเจอราชาโคโระเนียงเหรอ? งั้นก็ดีเลยน่ะ— เอ๊ะ!? เกิดอะไรขึ้นกับฉันเนี่ย...?
R06-0089	VR Dice & Cube · judge_minigame_sugoroku_koronyan	Koro-nyan (?)	I feel... alive again! There's power coursin' through these ol' bones o' mine... This can only mean one thing:	ฉันรู้สึก... มีชีวิตชีวาขึ้นมาอีกครั้ง! มีพลังไหลเวียนอยู่ในกระดูกเก่าๆ ของฉัน... นี่มันหมายความอย่างเดียวเลยคือ:
R06-0090	VR Dice & Cube · judge_minigame_sugoroku_koronyan	Koro-nyan (?)	It's Koro-nyan Moooooooode!!!	นี่มันโคโระเนียงโหมมมมมด!!!
R06-0091	VR Dice & Cube · judge_minigame_sugoroku_koronyan	Koro-nyan (?)	Y'could say I'm a <font_kind=yakuza_italic>cat</font_kind>alyst for all this <font_kind=yakuza_italic>meow</font_kind>erful energy...\nIn other words... it's bonus time!	พูดได้ว่าฉันเป็นตัว<font_kind=yakuza_italic>เหมียว</font_kind>เร่งพลัง <font_kind=yakuza_italic>เมี้ยว</font_kind>มหาศาลนี่แหละ...\nพูดอีกอย่างคือถึงเวลาโบนัสแล้ว!
R06-0092	VR Dice & Cube · judge_minigame_sugoroku_koronyan	Koro-nyan (?)	Every space'll turn into a Bonus Challenge! That's a lotta opportunities to gain some good stuff!	ทุกช่องจะกลายเป็น โบนัสชาเลนจ์ หมดเลย! โอกาสได้ของดีๆ เพียบเลยนะ!
R06-0093	VR Dice & Cube · judge_minigame_sugoroku_koronyan	Koro-nyan (?)	It stops once you have moved 3 times, do your best!	มันจะหยุดเมื่อนายเดินครบ 3 ครั้ง สู้ๆ นะ!
R06-0094	VR Dice & Cube · judge_minigame_sugoroku_koronyan	Koro-nyan (?)	All right, let's make it rain, sonny!	เอาล่ะ ทำให้เงินสะพัดกันเลย พ่อหนุ่ม!
R06-0095	VR Dice & Cube · judge_minigame_sugoroku_koronyan	Koro-nyan (?)	Bonus Challenge time! Get ready for a Knockout Battle! All y'gotta do is beat the tar outta these enemies I prepared!	ได้เวลา โบนัสชาเลนจ์ แล้ว! เตรียมตัวรับมือ ศึกน็อกเอาต์ ได้เลย! สิ่งที่นายต้องทำก็แค่ถล่มศัตรู ที่ฉันเตรียมไว้ให้เละเป็นโจ๊ก!
R06-0096	VR Dice & Cube · judge_minigame_sugoroku_koronyan	Koro-nyan (?)	You'll get an additional bonus based on how many attacks ya landed, so sock 'em to yer heart's content!	นายจะได้โบนัสเพิ่มตามจำนวน ครั้งที่โจมตีโดน เพราะงั้นซัดให้สะใจไปเลย!
R06-0097	VR Dice & Cube · judge_minigame_sugoroku_koronyan	Koro-nyan (?)	This Bonus Challenge right here's a Destruction Battle!\nIn other words, break everythin' in sight!	โบนัสชาเลนจ์ ครั้งนี้คือ ศึกทำลายล้าง!\nพูดง่ายๆ คือทุบทุกอย่างที่เห็นให้หมด!
R06-0098	VR Dice & Cube · judge_minigame_sugoroku_koronyan	Koro-nyan (?)	The more stuff ya break, the better yer rewards'll be!\nSo get in there n' do some damage!	ยิ่งทุบเยอะ รางวัลก็ยิ่งดีขึ้นเท่านั้น!\nเพราะงั้นเข้าไปอัดให้เต็มที่เลย!
R06-0099	VR Dice & Cube · judge_minigame_sugoroku_koronyan	Koro-nyan (?)	Atta boy! Ya punched yer way into gettin' an additional bonus!	เก่งมาก! ต่อยจนได้โบนัสเพิ่มมาเลยนะ!
R06-0100	VR Dice & Cube · judge_minigame_sugoroku_koronyan	Koro-nyan (?)	Accept it graciously!	รับไปด้วยความยินดีเลยนะ!
R06-0101	VR Dice & Cube · judge_minigame_sugoroku_koronyan	Koro-nyan (?)	Erm. Sonny. Y'do hafta hit these folks at least once to get the bonus, y'hear?	เอ่อ... พ่อหนุ่ม นายต้องต่อยพวกนี้อย่างน้อย สักทีนึงถึงจะได้โบนัสนะ ได้ยินไหม?
R06-0102	VR Dice & Cube · judge_minigame_sugoroku_koronyan	Koro-nyan (?)	Punch the livin' daylights outta it next time and make tons of dough!	ครั้งหน้าต่อยให้เต็มที่แล้ว กวาดเงินมาเพียบเลย!
R06-0103	VR Dice & Cube · judge_minigame_sugoroku_koronyan	Koro-nyan (?)	Ooooh, now you gone an' done it! Y'bumped into Kuro-nyan!\n...I gotta bad feelin' about this...	โอ้โห นายทำเรื่องเข้าแล้วสิ! ไปชนคุโระเนียงเข้าให้แล้ว!\n...ฉันมีลางไม่ดีเลยนะเนี่ย...
R06-0104	VR Dice & Cube · judge_minigame_sugoroku_koronyan	Koro-nyan (?)	*hissss* Wh-What's he doin'...!?	*ฟ่อออ* มั-มันทำอะไรน่ะ...!?
R06-0105	VR Dice & Cube · judge_minigame_sugoroku_koronyan	Koro-nyan (?)	Noooooo...! That scoundrel! He went n' took all yer precious items!	ไม่นะ...! ไอ้เจ้าเล่ห์นี่! มันคว้าไอเทมล้ำค่าของนายไปหมดเลย!
R06-0106	VR Dice & Cube · judge_minigame_sugoroku_koronyan	Koro-nyan (?)	Still, he must be somewhere in the city! You gotta catch up t'him and get those items back...	ถึงยังไงมันก็ต้องอยู่แถวนี้แหละ! นายต้องตามไปให้ทันแล้วเอาไอเทมคืนมา...
R06-0107	VR Dice & Cube · judge_minigame_sugoroku_koronyan	Koro-nyan (?)	While we're at it, let's take all them other items he's been stockin' up and teach him a real good lesson!!!	ในเมื่อยังไงก็ตามไปแล้ว งั้นเอาไอเทมที่มันสะสมไว้มาด้วยเลย แล้วสั่งสอนมันซะให้เข็ดไปเลย!!!
R06-0108	VR Dice & Cube · judge_minigame_sugoroku_koronyan	Koro-nyan (?)	Aha! I sense Kuro-nyan lurkin' nearby! Looks like he's meanin' ta scamper away from ya!	อ้าฮ่า! ฉันรู้สึกได้ว่าคุโระเนียงซุ่ม อยู่แถวนี้! ท่าทางมันจะพยายามหนีนายนะ!
R06-0109	VR Dice & Cube · judge_minigame_sugoroku_koronyan	Koro-nyan (?)	Find that little whippersnapper on the map, then go clobber him!	หาไอ้ตัวแสบนั่นในแผนที่ให้เจอ แล้วจัดการมันซะ!
R06-0110	VR Dice & Cube · judge_minigame_sugoroku_koronyan	Koro-nyan (?)	Gotcha, ya little thief! Now hand over the items... Eh!? He's callin' in reinforcements!	จับได้แล้ว ไอ้ขโมยตัวน้อย! เอาไอเทมคืนมาซะ... เอ๊ะ!? มันเรียกกำลังเสริมมา!
R06-0111	VR Dice & Cube · judge_minigame_sugoroku_koronyan	Koro-nyan (?)	Doesn't matter! You jus' show him who's boss!	ไม่เป็นไร! สั่งสอนให้มันรู้ว่าใครใหญ่ไปเลย!
R06-0112	VR Dice & Cube · judge_minigame_sugoroku_koronyan	Koro-nyan (?)	Y'did it, sonny!	ทำได้แล้ว พ่อหนุ่ม!
R06-0113	VR Dice & Cube · judge_minigame_sugoroku_koronyan	Koro-nyan (?)	Y'got all yer items back and then some!	ได้ไอเทมคืนมาครบแถมยังมากกว่าเดิมอีก!
R06-0114	VR Dice & Cube · judge_minigame_sugoroku_koronyan	Koro-nyan (?)	Maybe dependin' on how you approach him, even a whelp like Kuro-nyan can be useful!	แล้วแต่วิธีที่นายจัดการกับมันนะ แม้แต่ไอ้ตัวแสบอย่างคุโระเนียง ก็ยังมีประโยชน์ได้เหมือนกัน!
R06-0115	VR Dice & Cube · judge_minigame_sugoroku_koronyan	Koro-nyan (?)	Now let's get on over to the goal, sonny!	เอาล่ะ ไปให้ถึงเส้นชัยกันเลย พ่อหนุ่ม!
R06-0116	VR Dice & Cube · judge_minigame_sugoroku_koronyan_freetalk	Koro-nyan (?)	In order t'become a sweeter mascot, I reckon I oughta learn more about sweets! Such as? Uh... marinated seaweed?	ถ้าจะเป็นมาสคอตที่หวานขึ้น ฉันว่าต้องไปเรียนรู้เรื่อง ของหวานเพิ่มหน่อย เช่นอะไรดีล่ะ? เอ่อ... สาหร่ายดองเหรอ?
R06-0117	VR Dice & Cube · judge_minigame_sugoroku_koronyan_freetalk	Koro-nyan (?)	My ol' lady, she says drinkin' sweet potato shochu ain't cute! So I changed m'regular snack to fermented soybeans!	คนรู้ใจของฉันบอกว่ากินโชจู มันเทศมันไม่น่ารักเลย! เลยเปลี่ยนของกินเล่นประจำมา เป็นถั่วเน่าหมักแทน!
R06-0118	VR Dice & Cube · judge_minigame_sugoroku_koronyan_freetalk	Koro-nyan (?)	Hurgh... this pungent odor... smells like the pharmacy back in Hiroshima. Gee, I wonder how the ol' gang is doin'...	อื้อ... กลิ่นฉุนๆ นี่... เหมือนกลิ่นร้านขายยาที่ฮิโรชิม่าเลย ไม่รู้พวกแก๊งเก่าจะเป็นยังไง กันบ้างนะ...
R06-0119	VR Dice & Cube · judge_minigame_sugoroku_koronyan_freetalk	Koro-nyan (?)	Y'got yerself a nice lady to come home to? C'mon, y'can tell yer ol' pal Koro-nyan... Bet I could cheer ya right up!	มีคนดีๆ รอนายกลับบ้านหรือเปล่า? เอาน่า บอกเพื่อนซี้โคโระเนียงได้นะ... ฉันช่วยให้นายสดชื่นขึ้นได้แน่!
R06-0120	VR Dice & Cube · judge_minigame_sugoroku_koronyan_freetalk	Koro-nyan (?)	If I were t'become a national mascot sensation... y'think I'd do better in movies!? Or bein' a newscaster!?	ถ้าฉันดังไปทั้งประเทศจน กลายเป็นมาสคอตระดับชาติ... นายว่าฉันจะเล่นหนังเก่งกว่านี้ไหม!? หรือเป็นผู้ประกาศข่าวดี!?
R06-0121	VR Dice & Cube · judge_minigame_sugoroku_koronyan_freetalk	Koro-nyan (?)	Don't worry if ya screw up every now n' then. It's jus' a game! Ya won't lose a pinky over it or nothin'.	ไม่ต้องห่วงถ้านายพลาดบ้างเป็น บางครั้ง มันก็แค่เกม! ไม่เสียนิ้วก้อยไปหรอกน่า
R06-0122	VR Dice & Cube · judge_minigame_sugoroku_koronyan_freetalk	Koro-nyan (?)	A mascot's gotta be cute n'furry, right!? Well, all I need t'do is find some fur... Huh? Yer sayin' I got it backwards?	มาสคอตต้องน่ารักแล้วก็มีขนฟูๆ ใช่ไหมล่ะ!? เอาล่ะ ฉันแค่ต้องหาขนสักหน่อย... หืม? นายว่าฉันเข้าใจผิดเหรอ?
R06-0123	VR Dice & Cube · judge_minigame_sugoroku_koronyan_freetalk	Koro-nyan (?)	My pa, he's a programmer. From Hiroshima, too. Heard he's makin' some sorta zombie shootin' game in Kamurocho now.	พ่อฉันเป็นโปรแกรมเมอร์ อยู่ฮิโรชิม่าเหมือนกัน ได้ยินว่าตอนนี้กำลังทำเกมยิง ซอมบี้อยู่ที่คามุโรโจ
R06-0124	VR Dice & Cube · judge_minigame_sugoroku_koronyan_freetalk	Koro-nyan (?)	Hey. Y'got the eyes of a man who's seen his share of scuffles... Reminds me of my oath brothers back home...	เฮ่ นายมีสายตาแบบคนที่ผ่านศึกมาเยอะนี่นา... ทำให้นึกถึงเพื่อนสาบานที่บ้านฉันเลย...
R06-0125	VR Dice & Cube · judge_minigame_sugoroku_koronyan_freetalk	Koro-nyan (?)	Dude, so I decided to nerf my dialect in the dialogue settings, and— Y'don't hafta look so happy, y'know!	เฮ้ย เอาจริงๆ ฉันเพิ่งลดสำเนียงบ้านๆ ของตัวเองในเมนูตั้งค่าบทพูดไป เมื่อกี้ แล้ว— ไม่ต้องดีใจขนาดนั้นก็ได้นะ!
R06-0126	VR Dice & Cube · judge_minigame_sugoroku_koronyan_freetalk	Koro-nyan (?)	I got a hankerin' for one o'them whatchamacallits... crepes! Once I escape this virtual prison, I'm gonna chow down!	อยากกินของที่เขาเรียกว่า... เครปไง! พอออกจากคุกเสมือนจริงนี่เมื่อไหร่ ฉันจะจัดหนักเลย!
R06-0127	VR Dice & Cube · judge_minigame_sugoroku_koronyan_freetalk	Koro-nyan (?)	The famous Ono Michio... folks love that big, orange-headed fella, don't they? I s'pose he's a worthy rival fer me.	โอโนะ มิชิโอะ คนดังนั่น... ทุกคนชอบไอ้หัวส้มตัวใหญ่นั่นกันจริงๆ นะ ฉันว่าเขาเป็นคู่แข่งที่ สมน้ำสมเนื้อกับฉันเลยล่ะ
R06-0128	VR Dice & Cube · judge_minigame_sugoroku_koronyan_freetalk	Koro-nyan (?)	Heard they have stuffed versions of me in the outside world. Didja know that, sonny boy?	ได้ยินว่ามีตุ๊กตาสตัฟฟ์รูปฉัน ขายอยู่ข้างนอกด้วยนะ รู้หรือเปล่า พ่อหนุ่ม?
R06-0129	VR Dice & Cube · judge_minigame_sugoroku_koronyan_freetalk	Koro-nyan (?)	Ain't I the most adorable goddamn mascot y'ever seen!? I been askin' around, but folks seem too scared t'answer...	ฉันคือมาสคอตที่น่ารักที่สุด เท่าที่นายเคยเห็นมาเลยใช่ไหม ล่ะ!? ฉันถามไปทั่วแล้วนะ แต่ทุกคนเหมือนจะกลัวจนตอบไม่ได้...
R06-0130	VR Dice & Cube · judge_minigame_sugoroku_koronyan_freetalk	Koro-nyan (?)	Nice t'see ya back, sonny! Make a lot of money n' drink some damn good booze!	ดีใจที่นายกลับมานะ พ่อหนุ่ม! หาเงินเยอะๆ แล้วก็ดื่มเหล้าดีๆ ให้สนุกเลย!
R06-0131	VR Dice & Cube · judge_minigame_sugoroku_koronyan_freetalk	Koro-nyan (?)	Y'came back, eh? Well, go on, show 'em whatcha got!	กลับมาแล้วสินะ? เอาล่ะ ไปโชว์ฝีมือให้พวกมันเห็นเลย!
R06-0132	VR Dice & Cube · judge_minigame_sugoroku_koronyan_freetalk	Koro-nyan (?)	Virtual Kamurocho's open 365 days a year... So rake in a big load o'cash n' buy yer good friend Koro-nyan a drink!	คามุโรโจเสมือนจริงเปิดตลอด 365 วันนะ... เพราะงั้นกวาดเงินมาเยอะๆ แล้วซื้อเหล้าเลี้ยงเพื่อนซี้ โคโระเนียงหน่อยสิ!
R06-0133	VR Dice & Cube · judge_minigame_sugoroku_koronyan_freetalk	Koro-nyan (?)	Well, <font_kind=yakuza_italic>somebody's</font_kind> lookin' like a handsome specimen of a man! ...That's enough flattery for today, so let's get started.	แหม <font_kind=yakuza_italic>ใครบางคน</font_kind> ดูหล่อเป็นตัวอย่างของผู้ชายเลย นะเนี่ย! ...พอแค่นี้กับคำชมวันนี้ เริ่มกันเลยดีกว่า
R06-0134	VR Dice & Cube · judge_minigame_sugoroku_koronyan_freetalk	Koro-nyan (?)	Hewwo, I'm Koro-nyan! *purrr* Nice to meetcha! *mrowww*\n...Gawd, that was hideous.	หวัดดีจ้า ฉันโคโระเนียงเอง! *คราง* ยินดีที่ได้รู้จักนะ! *เมี้ยว*\n...พระเจ้า นั่นมันน่าเกลียดชะมัด
R06-0135	VR Dice & Cube · judge_minigame_sugoroku_koronyan_freetalk	Koro-nyan (?)	I only go over-the-top like this because I want ya t'be happy. Sorry if it's a bit much.	ที่ฉันเว่อร์ขนาดนี้ก็เพราะอยาก ให้นายมีความสุขนั่นแหละ ขอโทษนะถ้ามันเยอะไปหน่อย
R06-0136	VR Dice & Cube · judge_minigame_sugoroku_koronyan_freetalk	Koro-nyan (?)	Back in Hiroshima, my pa worked his darndest to make me into a mascot everyone would love.	ตอนอยู่ฮิโรชิม่า พ่อฉันพยายามสุดตัวเพื่อปั้นฉัน ให้เป็นมาสคอตที่ทุกคนรัก
R06-0137	VR Dice & Cube · judge_minigame_sugoroku_koronyan_freetalk	Koro-nyan (?)	Wonder if I should put on some cat ears to show off m'cuteness... Wait, I have 'em on already!?	สงสัยจะต้องใส่หูแมวเพิ่มเพื่อ อวดความน่ารักหน่อยนะ... เดี๋ยวนะ ฉันใส่อยู่แล้วนี่!?
R06-0138	VR Dice & Cube · judge_minigame_sugoroku_koronyan_freetalk	Koro-nyan (?)	Cyberspace is my personal territory. I'm the judge, jury, n' executioner here, so don't worry 'bout no gahtdang cops.	โลกไซเบอร์นี้คืออาณาเขตส่วนตัวของฉัน ฉันเป็นทั้งผู้พิพากษา ลูกขุน แล้วก็เพชฌฆาตในที่นี้เอง ไม่ต้องห่วงเรื่องตำรวจบ้าบอ อะไรทั้งนั้น
R06-0139	VR Dice & Cube · judge_minigame_sugoroku_koronyan_freetalk	Koro-nyan (?)	I went n' bought me a ribbon to accent my cuter features, but I can't put it on cause o' my fiber allergies... *sniff*	ฉันไปซื้อโบว์มาแต่งเพิ่ม ความน่ารักด้วยนะ แต่ใส่ไม่ได้เพราะแพ้เส้นใย... *สูดจมูก*
R06-0140	VR Dice & Cube · judge_minigame_sugoroku_koronyan_freetalk	Koro-nyan (?)	My dream in this virtual life o'mine? To make my pa proud of callin' me "son"... by becomin' a well-loved mascot!	ความฝันในชีวิตเสมือนจริงของฉันเหรอ? อยากให้พ่อภูมิใจที่เรียกฉันว่า "ลูกชาย"... ด้วยการเป็นมาสคอตที่ทุกคนรักไงล่ะ!
R06-0141	VR Dice & Cube · judge_minigame_sugoroku_koronyan_freetalk	Koro-nyan (?)	...I wanna be cute, I really do, but my favorite food is squid. Don't tell nobody, got it?	...ฉันอยากน่ารักนะ อยากจริงๆ แต่อาหารโปรดของฉันคือปลาหมึก อย่าไปบอกใครล่ะ เข้าใจไหม?
R06-0142	VR Dice & Cube · judge_minigame_sugoroku_koronyan_freetalk	Koro-nyan (?)	Nice town, ain't it? I heard it's modeled exactly after the real Kamurocho, right down to the grime caked into the road!	เมืองนี้เจ๋งดีเนอะ? ได้ยินว่าจำลองมาจากคามุโรโจ ของจริงเป๊ะๆ เลย ขนาดคราบสกปรกบนถนนยังเหมือนเลย!
R06-0143	VR Dice & Cube · judge_minigame_sugoroku_koronyan_freetalk	Koro-nyan (?)	This is highly confidential, but... if y'add up all the numbers on my sides, the total's 21.	เรื่องนี้เป็นความลับสุดยอดนะ... แต่ถ้านายบวกตัวเลขทุกด้านของ ฉันรวมกัน จะได้ 21 พอดี
R06-0144	VR Dice & Cube · judge_minigame_sugoroku_koronyan_freetalk	Koro-nyan (?)	Heard y'can win a prize worth more n' 50,000 yen if y'get good at this dang ol' game!	ได้ยินว่าถ้าเก่งเกมบ้านี่จริงๆ จะได้รางวัลมูลค่ากว่า 50,000 เยนเลยนะ!
R06-0145	VR Dice & Cube · judge_minigame_sugoroku_koronyan_freetalk	Koro-nyan (?)	There's some real dern good stuff locked up in them Safe Spaces... such as premium-grade canned cat food!	มีของดีๆ ล็อกอยู่ในช่องตู้เซฟ เพียบเลยนะ... เช่นอาหารแมวกระป๋องเกรดพรีเมียม!
R06-0146	VR Dice & Cube · judge_minigame_sugoroku_koronyan_freetalk	Koro-nyan (?)	Y'can use railguns, y'can shoot energy blasts... Ain't nothin' sweeter than dukin' it out here in virtual reality!	นายใช้ปืนรางได้ ยิงพลังงานได้เลยนะ... ไม่มีอะไรฟินไปกว่าได้ซัดกันใน โลกเสมือนจริงแบบนี้อีกแล้ว!
R06-0147	VR Dice & Cube · judge_minigame_sugoroku_koronyan_freetalk	Koro-nyan (?)	Warp Spaces... it's as if they're connected by a hyperspace tunnel. Go through 'em and watch yerself get whisked away!	ช่องวาร์ปนี่นะ... เหมือนมีอุโมงค์ไฮเปอร์สเปซ เชื่อมกันอยู่ เดินผ่านเข้าไปแล้วนายจะถูก ส่งตัวปลิวไปเลยล่ะ!
R06-0148	VR Dice & Cube · judge_minigame_sugoroku_koronyan_freetalk	Koro-nyan (?)	Beatin' up baddies on Battle Spaces'll earn ya somethin' good, I tell ya! For instance, more dice or items!	ถล่มพวกตัวร้ายในช่องต่อสู้แล้ว นายจะได้ของดี ๆ นะบอกให้ อย่างเช่นลูกเต๋าเพิ่มหรือไอเทมไง!
R06-0149	VR Dice & Cube · judge_minigame_sugoroku_koronyan_freetalk	Koro-nyan (?)	Kuro-nyan's always been up to no good... Believe me, I've had my fair share of run-ins with that damn cat...	คุโระเนียงมันไม่เคยทำดีเลยสักครั้ง... เชื่อฉันสิ ฉันเจอกับแมวจอมป่วนตัวนั้นมา ไม่รู้กี่รอบแล้ว...
R06-0150	VR Dice & Cube · judge_minigame_sugoroku_koronyan_freetalk	Koro-nyan (?)	My body's colored baby blue—perfect for Kamurocho's next top mascot!	ตัวฉันสีฟ้าอ่อนนี่นะ เหมาะเป็นมาสคอตเบอร์หนึ่งคน ต่อไปของคามุโรโจสุด ๆ เลยล่ะ!
R06-0151	VR Dice & Cube · judge_minigame_sugoroku_koronyan_freetalk	Koro-nyan (?)	Ain't nothin' better than sweet potato shochu n' some dried shredded squid... Ehh? Yer sayin' mascots don't do that?	ไม่มีอะไรเข้ากันเท่าโชจูมันเทศ กับปลาหมึกฝอยตากแห้งอีกแล้ว... เอ๊ะ? นายว่ามาสคอตไม่ทำแบบนี้กันเหรอ?
R06-0152	VR Dice & Cube · judge_minigame_sugoroku_koronyan_freetalk	Koro-nyan (?)	Yer here! Hope ya line yer pockets with so much cash, it'll chafe against yer lanky human legs! Gahah!	มาแล้วเหรอ! หวังว่านายจะกอบโกยเงินจน กระเป๋าตุงเสียดสีขาผอม ๆ ของนายเลยนะ! กะฮ่ะฮ่ะ!
R06-0153	VR Dice & Cube · judge_minigame_sugoroku_koronyan_freetalk	Koro-nyan (?)	This bum's just a 1-star scrub. Hardly worth the buckle on his belt! Betcha could beat him with one arm tied!	ไอ้หมอนี่แค่มือใหม่ 1 ดาว ไม่คุ้มค่าหัวเข็มขัดมันเลยด้วยซ้ำ! เอามือเดียวก็เอาชนะได้สบาย ๆ
R06-0154	VR Dice & Cube · judge_minigame_sugoroku_koronyan_freetalk	Koro-nyan (?)	This battle's only a 1-star, so if anything it'll be a good warm-up! Now go pound 'em into data dust, sonny boy!	การต่อสู้นี้แค่ 1 ดาว อย่างมากก็แค่วอร์มอัพ! เอาล่ะ ไปถล่มมันให้แหลกเป็นผงข้อมูล เลยพ่อหนุ่ม!
R06-0155	VR Dice & Cube · judge_minigame_sugoroku_koronyan_freetalk	Koro-nyan (?)	This here's a 1-star Battle Space, so it should be a good way to test your strength!	นี่คือช่องต่อสู้ 1 ดาว น่าจะเป็นทางที่ดีในการลองพลัง ของนายนะ!
R06-0156	VR Dice & Cube · judge_minigame_sugoroku_koronyan_freetalk	Koro-nyan (?)	A puny 1-star Battle Space with puny 1-star enemies. Here's yer opportunity to gather up some extra dice!	ช่องต่อสู้ 1 ดาวกระจอก ๆ กับศัตรู 1 ดาวกระจอก ๆ นี่แหละโอกาสให้นายเก็บลูกเต๋า เพิ่มเลย!
R06-0157	VR Dice & Cube · judge_minigame_sugoroku_koronyan_freetalk	Koro-nyan (?)	This's a 1-star battle. Shouldn't give ya one bit of trouble! Now go out n' show 'em what's what!	นี่คือการต่อสู้ 1 ดาว ไม่น่าจะทำให้นายลำบากสักนิด! ไปโชว์ฝีมือให้มันเห็นกันเลย!
R06-0158	VR Dice & Cube · judge_minigame_sugoroku_koronyan_freetalk	Koro-nyan (?)	This one's a 2-star, so it might be a bit more difficult. But I believe in ya, sonny! Do that kung fu stuff y'always do!	อันนี้ 2 ดาว อาจจะยากขึ้นมาหน่อย แต่ฉันเชื่อในตัวนายนะพ่อหนุ่ม! ทำท่ากังฟูที่นายถนัดออกมาเลย!
R06-0159	VR Dice & Cube · judge_minigame_sugoroku_koronyan_freetalk	Koro-nyan (?)	Ya landed on a 2-star Battle Space, so get ready for a good challenge. Remember t'keep yer guard up!	นายตกลงช่องต่อสู้ 2 ดาว เตรียมรับความท้าทายดี ๆ ไว้เลย อย่าลืมยกการ์ดขึ้นด้วยล่ะ!
R06-0160	VR Dice & Cube · judge_minigame_sugoroku_koronyan_freetalk	Koro-nyan (?)	Y'got yerself a 2-star battle on yer hands, big man! Ready t'send 'em to the recycle bin? Good! 	นายได้เจอการต่อสู้ 2 ดาวแล้วนะพ่อหนุ่มตัวโต! พร้อมส่งพวกมันลงถังรีไซเคิลรึยัง? เยี่ยม! 
R06-0161	VR Dice & Cube · judge_minigame_sugoroku_koronyan_freetalk	Koro-nyan (?)	Ah, a Battle Space it is! It's a 2-star scuffle, so y'can never be too careful!	อ้อ เป็นช่องต่อสู้นี่เอง! เป็นศึก 2 ดาว ยังไงก็ระวังไว้ก่อนไม่เสียหายนะ!
R06-0162	VR Dice & Cube · judge_minigame_sugoroku_koronyan_freetalk	Koro-nyan (?)	2 stars on this boy... Sure, it might seem a bit imposin', but I'm sure y'got what it takes!	2 ดาวสำหรับตัวนี้... ก็อาจจะดูน่ากลัวไปหน่อย แต่ฉันมั่นใจว่านายมีของแน่นอน!
R06-0163	VR Dice & Cube · judge_minigame_sugoroku_koronyan_freetalk	Koro-nyan (?)	Ooh. 3 stars. Hrm. How should I put this... Yer opponents look like they could crush ya. But you'll be okay... right?	โอ้โห 3 ดาวเลย อืม จะพูดยังไงดีนะ... คู่ต่อสู้นายดูท่าจะบดขยี้นายได้เลยนะ แต่นายต้องไหวแหละ... ใช่ไหม?
R06-0164	VR Dice & Cube · judge_minigame_sugoroku_koronyan_freetalk	Koro-nyan (?)	Ya landed on a 3-star Battle Space! That means I might hafta clean up whatever's left of ya... I-I mean, you'll be fine!	นายตกลงช่องต่อสู้ 3 ดาว! นั่นแปลว่าฉันอาจต้องเก็บกวาด ซากที่เหลือของนาย... ห-หมายถึงนายจะต้องไม่เป็นไรแน่!
R06-0165	VR Dice & Cube · judge_minigame_sugoroku_koronyan_freetalk	Koro-nyan (?)	This here's a 3-star Battle Space, so don't expect an easy victory... In fact, I'd write out a will if I were you!	นี่คือช่องต่อสู้ 3 ดาว อย่าคาดหวังว่าจะชนะง่าย ๆ... ถ้าเป็นฉันนะ เขียนพินัยกรรมทิ้งไว้ก่อนเลยดีกว่า!
R06-0166	VR Dice & Cube · judge_minigame_sugoroku_koronyan_freetalk	Koro-nyan (?)	It's a 3-star Battle Space! Hrm... This ain't gonna be a walk in the park, I'll tell ya right now...	เป็นช่องต่อสู้ 3 ดาวแล้ว! อืม... เรื่องนี้ไม่มีทางง่ายเหมือน เดินเล่นแน่ ๆ บอกไว้ก่อนเลยนะ...
R06-0167	VR Dice & Cube · judge_minigame_sugoroku_koronyan_freetalk	Koro-nyan (?)	3 stars... These guys ain't no pushovers, but you'll really rake it in if you win. So go make 'em say uncle!	3 ดาว... พวกนี้ไม่ใช่หมูให้ต้อนหรอกนะ แต่ถ้าชนะได้ล่ะก็รวยเละแน่ ไปทำให้มันขอยอมแพ้เลย!
R06-0168	VR Dice & Cube · judge_minigame_sugoroku_koronyan_freetalk	Koro-nyan (?)	Gotta admit, that was a tough one. Welp, back to square one!	ต้องยอมรับว่าครั้งนี้โหดจริง เอาล่ะ กลับไปเริ่มใหม่ที่จุดเดิม!
R06-0169	VR Dice & Cube · judge_minigame_sugoroku_koronyan_freetalk	Koro-nyan (?)	Y'really slipped up, y'know... Now we're gettin' booted back to the beginnin'!	นายพลาดจริง ๆ นะรู้ไหม... คราวนี้โดนเตะกลับไปเริ่มต้นใหม่เลย!
R06-0170	VR Dice & Cube · judge_minigame_sugoroku_koronyan_freetalk	Koro-nyan (?)	That's a gosh dern shame. Looks like we gotta start all over again.	น่าเสียดายจริง ๆ ท่าทางเราต้องเริ่มใหม่หมดเลยแฮะ
R06-0171	VR Dice & Cube · judge_minigame_sugoroku_koronyan_freetalk	Koro-nyan (?)	Terrible! I never seen a lad get his arse handed to him so swift! Ya like startin' over, is that it!?	แย่มาก! ไม่เคยเห็นใครโดนถลกก้นเร็วขนาด นี้มาก่อนเลย! นายชอบเริ่มใหม่นักใช่ไหมเนี่ย!?
R06-0172	VR Dice & Cube · judge_minigame_sugoroku_koronyan_freetalk	Koro-nyan (?)	Y'ever hear of a concept called "eternal return"? Welp, yer about to live it: back to the start fer you, sonny!	เคยได้ยินแนวคิด "การหวนคืนนิรันดร์" ไหม? เอาล่ะ นายกำลังจะได้สัมผัสมันแล้วล่ะ กลับไปเริ่มต้นใหม่ พ่อหนุ่ม!
R06-0173	VR Dice & Cube · judge_minigame_sugoroku_koronyan_freetalk	Koro-nyan (?)	Here we go, it's Destruction Battle time! Now y'can relieve all that pent-up stress, sonny boy! Feel the rage!	มาแล้ว ได้เวลาศึกทำลายล้าง! คราวนี้นายปลดปล่อยความเครียด ที่อัดอั้นได้เต็มที่เลย พ่อหนุ่ม! ปล่อยความบ้าคลั่งออกมา!
R06-0174	VR Dice & Cube · judge_minigame_sugoroku_koronyan_freetalk	Koro-nyan (?)	Ready for a Destruction Battle? Okay, get in there n' smash stuff up!	พร้อมสำหรับศึกทำลายล้างรึยัง? เอาล่ะ ลุยเข้าไปพังทุกอย่างเลย!
R06-0175	VR Dice & Cube · judge_minigame_sugoroku_koronyan_freetalk	Koro-nyan (?)	This's a Destruction Battle! Just as the name suggests, yer goal is to destroy everythin'!	นี่คือศึกทำลายล้าง! ตามชื่อเลย เป้าหมายของนายคือทำลายทุกอย่างให้ราบ!
R06-0176	VR Dice & Cube · judge_minigame_sugoroku_koronyan_freetalk	Koro-nyan (?)	This here's a Drone Battle! Show me what yer drone can do!	นี่คือการต่อสู้โดรน! โชว์ให้ฉันดูสิว่าโดรนของนายทำ อะไรได้บ้าง!
R06-0177	VR Dice & Cube · judge_minigame_sugoroku_koronyan_freetalk	Koro-nyan (?)	Y'look like yer ready for a Drone Battle! Let's fly!	ดูท่านายพร้อมสำหรับการต่อสู้ โดรนแล้วนะ! ออกบินกันเลย!
R06-0178	VR Dice & Cube · judge_minigame_sugoroku_koronyan_freetalk	Koro-nyan (?)	The Drone Battle's about t'get started! Shoot 'em down, shoot 'em down!	การต่อสู้โดรนกำลังจะเริ่มแล้ว! ยิงมันร่วงเลย ยิงมันร่วง!
R06-0179	VR Dice & Cube · judge_minigame_sugoroku_koronyan_freetalk	Koro-nyan (?)	Hey, y'got an item! Makes ya more excited to win now, don't it?	เฮ่ นายได้ไอเทมแล้ว! ยิ่งทำให้อยากชนะเข้าไปใหญ่เลย ใช่ไหมล่ะ?
R06-0180	VR Dice & Cube · judge_minigame_sugoroku_koronyan_freetalk	Koro-nyan (?)	Hey, y'got an item! Way to go!	เฮ่ นายได้ไอเทมด้วย! เยี่ยมไปเลย!
R06-0181	VR Dice & Cube · judge_minigame_sugoroku_koronyan_freetalk	Koro-nyan (?)	Gettin' somethin' nice always puts me in a winnin' mood, y'know?	ได้ของดี ๆ มาทีไร ฉันรู้สึกเหมือนใกล้ชนะทุกทีเลยนะ รู้ไหม?
R06-0182	VR Dice & Cube · judge_minigame_sugoroku_koronyan_freetalk	Koro-nyan (?)	Looks like you got somethin' special! You can actually only get that item in virtual Kamurocho.	ดูเหมือนนายจะได้ของพิเศษแล้วนะ! ไอเทมชิ้นนี้หาได้เฉพาะ ในคามุโรโจเสมือนเท่านั้นเลยล่ะ
R06-0183	VR Dice & Cube · judge_minigame_sugoroku_koronyan_freetalk	Koro-nyan (?)	Nice! Let's keep the dice rollin'!	เยี่ยม! ทอยลูกเต๋ากันต่อเลย!
R06-0184	VR Dice & Cube · judge_minigame_sugoroku_koronyan_freetalk	Koro-nyan (?)	You can check whatcha got by pressin' \n<symbol=button_sankaku>!	นายเช็กของที่ได้มาได้ด้วยการกด\n<symbol=button_sankaku>!
R06-0185	VR Dice & Cube · judge_minigame_sugoroku_koronyan_freetalk	Koro-nyan (?)	Wonder if y'can run across this in the real Kamurocho, too...	สงสัยจังว่าของแบบนี้จะเจอได้ ในคามุโรโจจริง ๆ ด้วยรึเปล่านะ...
R06-0186	VR Dice & Cube · judge_minigame_sugoroku_koronyan_freetalk	Koro-nyan (?)	Hot diggety dog! Betcha could exchange this for a lot!	โอ้โฮ! เอาไปแลกได้เยอะแน่ ๆ เลยนะเนี่ย!
R06-0187	VR Dice & Cube · judge_minigame_sugoroku_koronyan_freetalk	Koro-nyan (?)	Oh! That's a neat li'l doodad y'picked up.	โอ้! ของชิ้นเล็ก ๆ ที่นายเก็บมาน่ารักดีนะเนี่ย
R06-0188	VR Dice & Cube · judge_minigame_sugoroku_koronyan_freetalk	Koro-nyan (?)	Wahah! Yer doin' pretty good! Keep it up n' we'll reach the goal in no time flat!	วาฮ่า! นายทำได้ดีมากเลยนะ! ทำแบบนี้ต่อไปเดี๋ยวก็ถึง เป้าหมายแล้วล่ะ!
R06-0189	VR Dice & Cube · judge_minigame_sugoroku_koronyan_freetalk	Koro-nyan (?)	Ooh, yer gettin' closer to the goal, I can feel it! But ya don't have much dice left, so be careful!	โอ้ นายใกล้ถึงเป้าหมายเข้าไปทุกทีแล้ว รู้สึกได้เลย! แต่ลูกเต๋าเหลือไม่มากแล้วนะ ระวังด้วยล่ะ!
R06-0190	VR Dice & Cube · judge_minigame_sugoroku_koronyan_freetalk	Koro-nyan (?)	The goal draws near! Now it's all up to whether y'have enough dice...!	เป้าหมายใกล้เข้ามาแล้ว! ตอนนี้อยู่ที่ว่านายจะมีลูกเต๋า พอไหมเท่านั้นแหละ...!
R06-0191	VR Dice & Cube · judge_minigame_sugoroku_koronyan_freetalk	Koro-nyan (?)	Yer almost at the goal! I'm a li'l worried about how much dice y'have left, but don't let that stop ya!	นายใกล้ถึงเป้าหมายแล้ว! ฉันแอบเป็นห่วงเรื่องลูกเต๋าที่ เหลืออยู่หน่อย ๆ แต่อย่าให้มันมาหยุดนายเลยนะ!
R06-0192	VR Dice & Cube · judge_minigame_sugoroku_koronyan_freetalk	Koro-nyan (?)	The goal's just around the bend, sonny! Y'gotta end this once n' fer all by nabbin' the big prize!	เป้าหมายอยู่แค่เลี้ยวเดียวเอง พ่อหนุ่ม! นายต้องจบเรื่องนี้ให้เด็ดขาด ด้วยการคว้ารางวัลใหญ่มาให้ได้!
R06-0193	VR Dice & Cube · judge_minigame_sugoroku_koronyan_freetalk	Koro-nyan (?)	The goal's so close! Don't let yer journey end here! Be vigiliant with every step ya take!	เป้าหมายใกล้มากแล้ว! อย่าให้การเดินทางจบลงตรงนี้นะ! ระวังทุกก้าวที่นายเดินไปด้วย!
R06-0194	VR Dice & Cube · judge_minigame_sugoroku_koronyan_freetalk	Koro-nyan (?)	The goal's right there! Stay sharp n' keep yer wits about ya!	เป้าหมายอยู่ตรงนั้นแล้ว! ตั้งสติให้ดีและคมกริบเข้าไว้!
R06-0195	VR Dice & Cube · judge_minigame_sugoroku_koronyan_freetalk	Koro-nyan (?)	Y'got some more dice! Wanna take a breather somewhere?	นายได้ลูกเต๋าเพิ่มแล้ว! อยากพักหายใจสักที่ไหมล่ะ?
R06-0196	VR Dice & Cube · judge_minigame_sugoroku_koronyan_freetalk	Koro-nyan (?)	All right! Y'got more dice!	เยี่ยม! นายได้ลูกเต๋าเพิ่มแล้ว!
R06-0197	VR Dice & Cube · judge_minigame_sugoroku_koronyan_freetalk	Koro-nyan (?)	Wahah! Beat the game with a lot o'dice and get a higher bonus!	วาฮ่า! เอาชนะเกมด้วยลูกเต๋าเยอะ ๆ แล้วรับโบนัสก้อนโตไปเลย!
R06-0198	VR Dice & Cube · judge_minigame_sugoroku_koronyan_freetalk	Koro-nyan (?)	A Dice Plus Space! Yer one lucky sonuvagun, y'know!	ช่องเพิ่มลูกเต๋า! นายนี่โชคดีจริง ๆ เลยนะเนี่ย!
R06-0199	VR Dice & Cube · judge_minigame_sugoroku_koronyan_freetalk	Koro-nyan (?)	Yee-haw! Feels good t'see that dice number go up...	ยี้ฮ่า! เห็นตัวเลขลูกเต๋าพุ่งขึ้นแล้ว รู้สึกดีจังเลย...
R06-0200	VR Dice & Cube · judge_minigame_sugoroku_koronyan_freetalk	Koro-nyan (?)	Yeeargh... Y'lost some dice... Try to get some more when y'can.	อ๊าก... ลูกเต๋าหายไปบางส่วนแล้ว... พยายามหาเพิ่มเมื่อมีโอกาสนะ
R06-0201	VR Dice & Cube · judge_minigame_sugoroku_koronyan_freetalk	Koro-nyan (?)	Yeowch, a Dice Minus... What rotten luck!	โอ๊ย ช่องลดลูกเต๋าเลย... โชคร้ายจริง ๆ!
R06-0202	VR Dice & Cube · judge_minigame_sugoroku_koronyan_freetalk	Koro-nyan (?)	Yer dice got lost in an endless stream of deleted data... But new dice're always bein' born too!	ลูกเต๋าของนายหายลับไปในกระแส ข้อมูลที่ถูกลบไม่รู้จบ... แต่ลูกเต๋าใหม่ก็เกิดขึ้นเรื่อย ๆ เหมือนกันนะ!
R06-0203	VR Dice & Cube · judge_minigame_sugoroku_koronyan_freetalk	Koro-nyan (?)	Yeeargh... That was some awful timin'...	อ๊าก... จังหวะห่วยแตกจริง ๆ...
R06-0204	VR Dice & Cube · judge_minigame_sugoroku_koronyan_freetalk	Koro-nyan (?)	N-No need to fret, sonny! Y'can get more dice on Battle Spaces or Dice Plus Spaces! Keep yer chin up!	ไ-ไม่ต้องกังวลไปพ่อหนุ่ม! นายหาลูกเต๋าเพิ่มได้ที่ ช่องต่อสู้หรือช่องเพิ่มลูกเต๋า! เชิดหน้าสู้เข้าไว้!
R06-0205	VR Dice & Cube · judge_minigame_sugoroku_koronyan_freetalk	Koro-nyan (?)	Here we are at the Warp Space! This'll teleport yer scrawny behind to an entirely different space on the board!	มาถึงช่องวาร์ปแล้ว! อันนี้จะเทเลพอร์ตก้นผอม ๆ ของนายไปยังช่องอื่นบนกระดานเลยล่ะ!
R06-0206	VR Dice & Cube · judge_minigame_sugoroku_koronyan_freetalk	Koro-nyan (?)	Ready to enter hyperspace? Then let's go!	พร้อมเข้าสู่ไฮเปอร์สเปซรึยัง? งั้นไปกันเลย!
R06-0207	VR Dice & Cube · judge_minigame_sugoroku_koronyan_freetalk	Koro-nyan (?)	A Warp Space! Ready t'make the jump?	ช่องวาร์ป! พร้อมกระโดดข้ามรึยัง?
R06-0208	VR Dice & Cube · judge_minigame_sugoroku_koronyan_freetalk	Koro-nyan (?)	Ahh, a Gift Space! Good job! I wonder what you'll get?	อ้า ช่องของขวัญ! เก่งมาก! สงสัยจังว่านายจะได้อะไร?
R06-0209	VR Dice & Cube · judge_minigame_sugoroku_koronyan_freetalk	Koro-nyan (?)	Awright, a Gift Space! Take what you can get, eh?	เอาล่ะ ช่องของขวัญ! เอาไปให้เต็มที่เลยนะ?
R06-0210	VR Dice & Cube · judge_minigame_sugoroku_koronyan_freetalk	Koro-nyan (?)	Hm? Looks like yer about to get somethin'!	หืม? ดูเหมือนนายกำลังจะได้อะไรสัก อย่างแล้ว!
R06-0211	VR Dice & Cube · judge_minigame_sugoroku_koronyan_freetalk	Koro-nyan (?)	Hmm, a Gift Space. Wonder what you'll get? I got a feelin' it's somethin' real good!	อืม ช่องของขวัญ สงสัยจังว่าจะได้อะไร รู้สึกว่าน่าจะเป็นของดีจริง ๆ เลยนะ!
R06-0212	VR Dice & Cube · judge_minigame_sugoroku_koronyan_freetalk	Koro-nyan (?)	Wahah! Looks like there's a present for ya!	วาฮ่า! ดูเหมือนจะมีของขวัญให้นายด้วยนะ!
R06-0213	VR Dice & Cube · judge_minigame_sugoroku_koronyan_freetalk	Koro-nyan (?)	Failure! Back to the start ya go!	พลาดแล้ว! กลับไปเริ่มต้นใหม่เลย!
R06-0214	VR Dice & Cube · judge_minigame_sugoroku_koronyan_freetalk	Koro-nyan (?)	Yer all outta dice! Which means...	ลูกเต๋าของนายหมดแล้ว! ซึ่งหมายความว่า...
R06-0215	VR Dice & Cube · judge_minigame_sugoroku_koronyan_freetalk	Koro-nyan (?)	It's game over fer ya! That's too bad. But I'll be waitin' till ya return!	เกมโอเวอร์สำหรับนายแล้ว! น่าเสียดายจัง แต่ฉันจะรอนายกลับมาใหม่นะ!
R06-0216	VR Dice & Cube · judge_minigame_sugoroku_koronyan_freetalk	Koro-nyan (?)	Hey! Ya completely ran outta dice!	เฮ่! ลูกเต๋าของนายหมดเกลี้ยงเลย!
R06-0217	VR Dice & Cube · judge_minigame_sugoroku_koronyan_freetalk	Koro-nyan (?)	Sorry, but that means this game is over... Let's reach the goal next time.	ขอโทษด้วยนะ แต่นั่นหมายความว่าเกมนี้จบแล้ว... คราวหน้าไปให้ถึงเป้าหมายกันนะ
R06-0218	VR Dice & Cube · judge_minigame_sugoroku_koronyan_freetalk	Koro-nyan (?)	Looks like ya don't have enough dice! That means...	ดูเหมือนลูกเต๋าจะไม่พอแล้วนะ! ซึ่งหมายความว่า...
R06-0219	VR Dice & Cube · judge_minigame_sugoroku_koronyan_freetalk	Koro-nyan (?)	This game's come to an abrupt end... but we'll do better next time!	เกมนี้จบลงแบบกะทันหันเลย... แต่คราวหน้าเราจะทำได้ดีกว่านี้แน่นอน!
R06-0220	VR Dice & Cube · judge_minigame_sugoroku_koronyan_freetalk	Koro-nyan (?)	Y'ran outta health again... I can get ya all patched up, but yer gonna hafta go back to the beginnin'!	เลือดของนายหมดอีกแล้วสิ... ฉันรักษาให้ได้นะ แต่นายต้องกลับไปเริ่มต้นใหม่ล่ะ!
R06-0221	VR Dice & Cube · judge_minigame_sugoroku_koronyan_freetalk	Koro-nyan (?)	Yer health's all gone! Fine, I s'pose I should restore ya... but that means you'll get booted back to the start!	เลือดของนายหมดแล้ว! เอาล่ะ ฉันคงต้องรักษาให้นาย... แต่นั่นหมายความว่านายจะถูกเตะ กลับไปเริ่มต้นใหม่นะ!
R06-0222	VR Dice & Cube · judge_minigame_sugoroku_koronyan_freetalk	Koro-nyan (?)	Y'lost all of your health. I'll give ya another chance, but you'll hafta start over again!	เลือดของนายหมดเกลี้ยงแล้ว ฉันจะให้โอกาสนายอีกครั้ง แต่นายต้องเริ่มต้นใหม่นะ!
R06-0223	VR Dice & Cube · judge_minigame_sugoroku_koronyan_freetalk	Koro-nyan (?)	Hey, hey! Scat happens, y'know? Try not to feel too bad...	เฮ่ เฮ่! มันก็เป็นแบบนี้แหละบางที รู้ไหม? อย่าคิดมากไปเลยนะ...
R06-0224	VR Dice & Cube · judge_minigame_sugoroku_koronyan_freetalk	Koro-nyan (?)	What happened there? Well, don't worry too hard, you'll get another chance!	เกิดอะไรขึ้นเนี่ย? เอาล่ะ ไม่ต้องกังวลมากไป นายจะได้โอกาสอีกครั้งแน่นอน!
R06-0225	VR Dice & Cube · judge_minigame_sugoroku_koronyan_freetalk	Koro-nyan (?)	It's difficult to pick locks, eh? Welp, better luck next time!	งัดกุญแจนี่ยากใช่ไหมล่ะ? เอาล่ะ ขอให้โชคดีในครั้งหน้า!
R06-0226	VR Dice & Cube · judge_minigame_sugoroku_koronyan_freetalk	Koro-nyan (?)	Wahah! I knew y'could do it! That's some good stuff, ain't it?	วาฮ่า! รู้แล้วเชียวว่านายทำได้! ของดีจริง ๆ เลยใช่ไหมล่ะ?
R06-0227	VR Dice & Cube · judge_minigame_sugoroku_koronyan_freetalk	Koro-nyan (?)	Ooh-hoo! No wonder this was tucked away in a safe.	โอ้โฮ! ไม่แปลกใจเลยที่ของแบบนี้ถูก เก็บไว้ในเซฟ
R06-0228	VR Dice & Cube · judge_minigame_sugoroku_koronyan_freetalk	Koro-nyan (?)	Nice goin', sonny boy! This'll be worth a ton!	เก่งมากพ่อหนุ่ม! ของชิ้นนี้ต้องมีค่ามหาศาลแน่ ๆ!
R06-0229	VR Dice & Cube · judge_minigame_sugoroku_koronyan_freetalk	Koro-nyan (?)	Nice goin', sonny! I have a feelin' there's another King Koro-nyan around!	เก่งมากพ่อหนุ่ม! ฉันรู้สึกเหมือนมีราชา โคโระเนียงอีกตัวอยู่แถวนี้แหละ!
R06-0230	VR Dice & Cube · judge_minigame_sugoroku_koronyan_freetalk	Koro-nyan (?)	Looks like there's another King Koro-nyan in town! Check it out on the map.	ดูเหมือนจะมีราชาโคโระเนียงอีก ตัวอยู่ในเมืองนะ! เช็กดูในแผนที่สิ
R06-0231	VR Dice & Cube · judge_minigame_sugoroku_koronyan_freetalk	Koro-nyan (?)	Good job, sonny! There should be another King Koro-nyan in town!	เก่งมากพ่อหนุ่ม! น่าจะมีราชาโคโระเนียงอีกตัว อยู่ในเมืองนะ!
R06-0232	VR Dice & Cube · judge_minigame_sugoroku_koronyan_freetalk	Koro-nyan (?)	That was a close call! Looks like ya stopped Kuro-nyan from showin' up again!	หวุดหวิดจริง ๆ! ดูเหมือนนายจะหยุดคุโระเนียงไม่ ให้โผล่มาอีกได้แล้วนะ!
R06-0233	VR Dice & Cube · judge_minigame_sugoroku_koronyan_freetalk	Koro-nyan (?)	Ya prevented more Kuro-nyans from appearin'! Good job, sonny!	นายป้องกันไม่ให้คุโระเนียงตัว อื่นโผล่มาได้แล้ว! เก่งมากพ่อหนุ่ม!
R06-0234	VR Dice & Cube · judge_minigame_sugoroku_koronyan_freetalk	Koro-nyan (?)	Looks like ya managed to keep Kuro-nyan outta town! Couldn't have done it better m'self!	ดูเหมือนนายจะกันคุโระเนียง ออกจากเมืองได้สำเร็จแล้วนะ! ต่อให้เป็นฉันเองก็ทำได้ดีกว่า นี้ไม่ได้แล้ว!
R06-0235	VR Dice & Cube · judge_minigame_sugoroku_koronyan_freetalk	Koro-nyan (?)	Meeyow! Another Kuro-nyan appeared on the map!	เมี๊ยว! คุโระเนียงอีกตัวโผล่มาบนแผนที่แล้ว!
R06-0236	VR Dice & Cube · judge_minigame_sugoroku_koronyan_freetalk	Koro-nyan (?)	I'm worried there might be another Kuro-nyan... Check it out on yer map fer me, will ya?	ฉันเป็นห่วงว่าอาจมีคุโระเนียง อีกตัวอยู่... ช่วยเช็กแผนที่ให้ฉันหน่อยได้ไหม?
R06-0237	VR Dice & Cube · judge_minigame_sugoroku_koronyan_freetalk	Koro-nyan (?)	Whoooaaa! I detect another Kuro-nyan! We better watch our step from now on...	โว้ว! ฉันตรวจจับคุโระเนียงอีกตัวได้แล้ว! ต่อจากนี้เราต้องระวังตัวให้ดีเลยล่ะ...
R06-0238	VR Dice & Cube · judge_minigame_sugoroku_koronyan_freetalk	Koro-nyan (?)	Hnnngh! I have a bad feeling... I sense the presence of a Kuro-nyan nearby!	อื๊อ! ฉันมีลางไม่ดีเลย... รู้สึกได้ถึงการมีอยู่ของ คุโระเนียงแถวนี้แน่ ๆ!
R06-0239	VR Dice & Cube · judge_minigame_sugoroku_koronyan_freetalk	Koro-nyan (?)	I feel the mighty presence of King Koro-nyan nearby!\nI reckon we should seek him out!	ฉันรู้สึกได้ถึงพลังอันยิ่งใหญ่ ของราชาโคโระเนียงอยู่แถวนี้เลย!\nฉันว่าเราควรออกตามหาเขากันดีกว่า!
R06-0240	VR Dice & Cube · judge_minigame_sugoroku_koronyan_freetalk	Koro-nyan (?)	Good t'see ya, O Magnificent King Koro-nyan! ...Y'know what this means, don't ya!	ดีใจจังที่ได้เจอ โอ้ ราชาโคโระเนียงผู้ยิ่งใหญ่! ...นายรู้ใช่ไหมว่านี่หมายความว่าอะไร!
R06-0241	VR Dice & Cube · judge_minigame_sugoroku_koronyan_freetalk	Koro-nyan (?)	Someone call the internet police, 'cause ya done goofed! Why'd ya run into Kuro-nyan like that!?	ใครก็ได้เรียกตำรวจอินเทอร์เน็ตที เพราะนายพลาดไปแล้ว! ทำไมต้องไปชนคุโระเนียงแบบนั้น ด้วยเนี่ย!?
R06-0242	VR Dice & Cube · judge_minigame_sugoroku_koronyan_freetalk	Koro-nyan (?)	Yeeeee-haaawww!!! It's time for Koro-nyan Mode, big boy!!! We're about t'get filthy rich!!!	ยี้ฮ้าาาา!!! ได้เวลาโหมดโคโระเนียงแล้วพ่อหนุ่ม!!! เรากำลังจะรวยเละกันแล้ว!!!
R06-0243	VR Dice & Cube · judge_minigame_sugoroku_koronyan_freetalk	Koro-nyan (?)	I can feel the power wellin' up inside my cubical feline frame!!! Let's roll around the board n' make a mint!	ฉันรู้สึกถึงพลังที่พลุ่งพล่าน อยู่ในร่างแมวทรง ลูกบาศก์ของฉันแล้ว!!! ไปกลิ้งรอบกระดานกวาดเงินกันเถอะ!
R06-0244	VR Dice & Cube · judge_minigame_sugoroku_koronyan_freetalk	Koro-nyan (?)	The time has finally come... to unleash my true power!!! It's my turn, baby!!!	ในที่สุดเวลาก็มาถึงแล้ว... เวลาปลดปล่อยพลังที่แท้จริงของฉัน!!! ได้เวลาของฉันแล้ว!!!
R06-0245	VR Dice & Cube · judge_minigame_sugoroku_koronyan_freetalk	Koro-nyan (?)	Aaaand the Knockout Battle begins! Send 'em all flyin'!!!	แล้วก็ได้เวลาศึกน็อกเอาต์เริ่มขึ้น! ซัดให้กระเด็นไปเลย!!!
R06-0246	VR Dice & Cube · judge_minigame_sugoroku_koronyan_freetalk	Koro-nyan (?)	Focus, my wayward pupil of a son! The Knockout Battle's beginnin'!	ตั้งสติไว้ ศิษย์เอ๋ยศิษย์ซนของฉัน! ศึกน็อกเอาต์กำลังจะเริ่มแล้ว!
R06-0247	VR Dice & Cube · judge_minigame_sugoroku_koronyan_freetalk	Koro-nyan (?)	♪ I'm gonna knock 'em out! ♪ Ma said knock 'em out! ♪ ...What, it's a Knockout Battle, after all!	"จะซัดให้เรียบ! แม่บอกให้ซัดให้เรียบ!" ...อ้าว ก็มันคือศึกน็อกเอาต์อยู่แล้วนี่!
R06-0248	VR Dice & Cube · judge_minigame_sugoroku_koronyan_freetalk	Koro-nyan (?)	Y'ready? Then let's begin the Knockout Battle!	พร้อมรึยัง? งั้นเริ่มศึกน็อกเอาต์กันเลย!
R06-0249	VR Dice & Cube · judge_minigame_sugoroku_koronyan_freetalk	Koro-nyan (?)	Y'knew it was comin', didn't ya? It's time for a Knockout Battle!	นายรู้อยู่แล้วใช่ไหมว่ามันต้องมา? ได้เวลาศึกน็อกเอาต์แล้ว!
R06-0250	VR Dice & Cube · judge_minigame_sugoroku_koronyan_freetalk	Koro-nyan (?)	It's time t'break everythin' in sight! That's right, it's a Destruction Battle!	ได้เวลาพังทุกอย่างที่เห็นแล้ว! ใช่แล้ว มันคือศึกทำลายล้าง!
R06-0251	VR Dice & Cube · judge_minigame_sugoroku_koronyan_freetalk	Koro-nyan (?)	I'm gonna send ya head-first into a Destruction Battle, so get ready to wreck stuff up!	ฉันจะส่งนายหัวทิ่มเข้าสู่ ศึกทำลายล้างเลย เตรียมพังของให้เรียบเลยนะ!
R06-0252	VR Dice & Cube · judge_minigame_sugoroku_koronyan_freetalk	Koro-nyan (?)	The more ya break, the better yer bonus! So bust up the entire place! Leave nothin' unscathed!	ยิ่งพังเยอะ ยิ่งได้โบนัสเยอะ! ถล่มทั้งที่ให้ราบเลย! อย่าให้เหลืออะไรดี ๆ สักชิ้น!
R06-0253	VR Dice & Cube · judge_minigame_sugoroku_koronyan_freetalk	Koro-nyan (?)	This here's a Special Destruction Battle! What makes it so special? I dunno! Just wreak havoc like y'normally do!!!	นี่คือศึกทำลายล้างพิเศษ! มันพิเศษตรงไหนเหรอ? ฉันก็ไม่รู้เหมือนกัน! อาละวาดให้สุดเหวี่ยงเหมือนที่ นายทำเป็นประจำก็พอ!!!
R06-0254	VR Dice & Cube · judge_minigame_sugoroku_koronyan_freetalk	Koro-nyan (?)	The tension's thick as butter... All the pent-up rage about to be released... Let the Destruction Battle begin!!!	ความตึงเครียดข้นเหมือนเนย... ความคั่งแค้นที่อัดอั้นกำลังจะ ระเบิดออกมา... เริ่มศึกทำลายล้างกันเลย!!!
R06-0255	VR Dice & Cube · judge_minigame_sugoroku_koronyan_freetalk	Koro-nyan (?)	A fine job as always! Here's a li'l bonus fer ya!	เก่งเหมือนเดิมเลยนะ! นี่โบนัสเล็ก ๆ น้อย ๆ สำหรับนาย!
R06-0256	VR Dice & Cube · judge_minigame_sugoroku_koronyan_freetalk	Koro-nyan (?)	That sure was somethin', sonny! Here's yer bonus!	นั่นมันสุดยอดจริง ๆ พ่อหนุ่ม! นี่โบนัสของนาย!
R06-0257	VR Dice & Cube · judge_minigame_sugoroku_koronyan_freetalk	Koro-nyan (?)	That was pretty good! Take your bonus n' don't spend it all in one place!	ทำได้ดีทีเดียว! เอาโบนัสไปสิ อย่าใช้หมดในที่เดียวล่ะ!
R06-0258	VR Dice & Cube · judge_minigame_sugoroku_koronyan_freetalk	Koro-nyan (?)	That didn't go too well... Do better next time!	ครั้งนี้ไม่ค่อยดีเท่าไหร่นะ... คราวหน้าทำให้ดีกว่านี้ล่ะ!
R06-0259	VR Dice & Cube · judge_minigame_sugoroku_koronyan_freetalk	Koro-nyan (?)	Yer items got stolen, sonny! Find that gosh dang Kuro-nyan on the map and get after him!	ไอเทมของนายถูกขโมยไปแล้วพ่อหนุ่ม! หาไอ้คุโระเนียงเวรนั่นในแผนที่ แล้วไล่ล่ามันเลย!
R06-0260	VR Dice & Cube · judge_minigame_sugoroku_koronyan_freetalk	Koro-nyan (?)	Kuro-nyan nabbed yer items! Unforgiveable! Let's get him!	คุโระเนียงคว้าไอเทมของนายไปแล้ว! ให้อภัยไม่ได้เด็ดขาด! ไปจัดการมันกัน!
R06-0261	VR Dice & Cube · judge_minigame_sugoroku_koronyan_freetalk	Koro-nyan (?)	That connivin' little con-artist! He robbed ya for all yer worth! Make him pay up double, sonny boy!	ไอ้นักต้มตุ๋นตัวแสบนั่น! มันปล้นของมีค่าของนายไปหมดเลย! ให้มันจ่ายคืนเป็นสองเท่าเลยพ่อหนุ่ม!
R06-0262	VR Dice & Cube · judge_minigame_sugoroku_koronyan_freetalk	Koro-nyan (?)	Good thing ya didn't have nothin' on ya. Put that in yer pipe n' smoke it, Kuro-nyan!	โชคดีที่นายไม่มีอะไรติดตัวไปเลย เอาไปคิดดูให้ดีนะ คุโระเนียง!
R06-0263	VR Dice & Cube · judge_minigame_sugoroku_koronyan_freetalk	Koro-nyan (?)	*sniff sniff* I smell the items we were carryin'. That means...	*ดมดม* ฉันได้กลิ่นไอเทมที่เราถือมาแล้ว นั่นแปลว่า...
R06-0264	VR Dice & Cube · judge_minigame_sugoroku_koronyan_freetalk	Koro-nyan (?)	Found him! All right, sonny! Beat this bunglin' burglar n' get those items back!	เจอมันแล้ว! เอาล่ะพ่อหนุ่ม! จัดการไอ้ขโมยซุ่มซ่ามนี่แล้ว เอาไอเทมคืนมาเลย!
R06-0265	VR Dice & Cube · judge_minigame_sugoroku_koronyan_freetalk	Koro-nyan (?)	Ahh... sweet, sweet revenge! Oh, ya got your items back, too! Wonderful!	อา... การแก้แค้นช่างแสนหวาน! โอ้ นายได้ไอเทมคืนมาด้วยนะ! สุดยอดไปเลย!
R06-0266	VR Dice & Cube · judge_minigame_sugoroku_koronyan_freetalk	Koro-nyan (?)	You ended up gettin' more than y'started with! Do watch out fer Kuro-nyan next time, though!	สุดท้ายนายได้มากกว่าที่เริ่มต้นซะอีก! แต่คราวหน้าก็ระวังคุโระเนียงด้วยล่ะ!
R06-0267	VR Dice & Cube · judge_minigame_sugoroku_koronyan_freetalk	Koro-nyan (?)	Y'lost... but y'still have time! Do yer best and find as many items as you can!	นายแพ้ไป... แต่ยังมีเวลาอยู่นะ! ทำให้เต็มที่แล้วหาไอเทมมา ให้ได้มากที่สุดเลย!
R06-0268	VR Dice & Cube · judge_minigame_sugoroku_koronyan_freetalk	Koro-nyan (?)	He got away...! Well, don't let it weigh on yer mind. Y'can always collect more items anyway!	มันหนีไปแล้ว...! เอาล่ะ อย่าเก็บมาคิดมากเลยนะ ยังไงนายก็เก็บไอเทมเพิ่มได้อยู่ดี!
R06-0269	VR Dice & Cube · judge_minigame_sugoroku_koronyan_freetalk	? (?)	The dice came out as 5, 6 and 2... Activatin' Startup Sequence: Koro-nyan Mode!	ลูกเต๋าออกเลข 5, 6 และ 2... เริ่มระบบเปิดใช้งานโหมดโคโระเนียง!
R06-0270	VR Dice & Cube · judge_minigame_sugoroku_koronyan_system	Koro-nyan (?)	<color=white>${value}</color> more spaces left to reach the goal!\nNow make like a cat on a hot tin roof and scurry on over!	เหลืออีก <color=white>${value}</color> ช่องก็จะถึงเป้าหมายแล้ว!\nรีบเผ่นมาให้ไวเหมือนแมวโดนไฟลน ก้นเลยนะ!
