id	ฉาก	ผู้พูด	หมายเหตุ	EN	TH
P1303-0001	พากย์ · speech_list_judge_main_c13	? (ช)	[อีกแทร็ก]	When Ichinose-san discovered the extent of the tragedy...\nhe knew I'd be sympathetic to their cause.	พออิจิโนเสะซังรู้ขอบเขตของ โศกนาฏกรรมทั้งหมด...\nเขาก็รู้ว่าผมจะเห็นใจเป้าหมาย ของพวกเขา
P1303-0002	พากย์ · speech_list_judge_main_c13	? (ช)		His proposal was quite clear.	ข้อเสนอของเขาชัดเจนมาก
P1303-0003	พากย์ · speech_list_judge_main_c13	? (ช)	[อีกแทร็ก]	His proposal was clear.	ข้อเสนอของเขาชัดเจนดี
P1303-0004	พากย์ · speech_list_judge_main_c13	? (ช)		AD-9 was a groundbreaking new drug, meant to save\ncountless suffering patients and families...	AD-9 เป็นยาชนิดใหม่ที่ก้าวล้ำ มีไว้เพื่อช่วยเหลือ\nผู้ป่วยและครอบครัวที่ ทุกข์ทรมานนับไม่ถ้วน...
P1303-0005	พากย์ · speech_list_judge_main_c13	? (ช)	[อีกแทร็ก]	AD-9 was a groundbreaking new drug.\nMeant to save countless suffering patients and families...	AD-9 เป็นยาชนิดใหม่ที่ก้าวล้ำ\nมีไว้เพื่อช่วยผู้ป่วยและ ครอบครัวที่ทุกข์ทรมาน นับไม่ถ้วน...
P1303-0006	พากย์ · speech_list_judge_main_c13	? (ช)		But if it was to see the light of day...\nI would have to look the other way for a while.	แต่ถ้าจะให้มันได้เห็นแสงสว่าง...\nผมก็ต้องยอมหลับตาข้างหนึ่งไปสักพัก
P1303-0007	พากย์ · speech_list_judge_main_c13	? (ช)		I do feel guilt, I can't deny that.\nThat's the only reason I'm still here.	ผมรู้สึกผิดจริง ๆ ปฏิเสธไม่ได้เลย\nนั่นคือเหตุผลเดียวที่ผมยังอยู่ตรงนี้
P1303-0008	พากย์ · speech_list_judge_main_c13	? (ช)	[อีกแทร็ก]	I don't deny my guilt in this.\nThat's the only reason I've let you carry on.	ผมไม่ปฏิเสธความรู้สึกผิดในเรื่องนี้\nนั่นคือเหตุผลเดียวที่ผมปล่อย ให้คุณทำต่อไปได้
P1303-0009	พากย์ · speech_list_judge_main_c13	Yagami (ช)		I've learned a lot about you,\nChief Prosecutor.	ผมรู้เรื่องของคุณมาเยอะเลย\nท่านหัวหน้าอัยการ
P1303-0010	พากย์ · speech_list_judge_main_c13	Yagami (ช)	[อีกแทร็ก]	I've learned a lot about you,\nChief Prosecutor Morita.	ผมรู้เรื่องของคุณมาเยอะเลย\nท่านหัวหน้าอัยการโมริตะ
P1303-0011	พากย์ · speech_list_judge_main_c13	? (ช)		About the tragedy in your family\nten years ago.	เรื่องโศกนาฏกรรมในครอบครัวคุณ\nเมื่อสิบปีก่อน
P1303-0012	พากย์ · speech_list_judge_main_c13	? (ช)	[อีกแทร็ก]	Ten years ago... there was a tragedy\nin your family.	เมื่อสิบปีก่อน... เกิดโศกนาฏกรรม\nขึ้นในครอบครัวคุณ
P1303-0013	พากย์ · speech_list_judge_main_c13	? (ช)		Someone you betrayed.\nSomeone who trusted you for years.	คนที่คุณทรยศต่างหาก\nคนที่ไว้ใจคุณมาหลายปี
P1303-0014	พากย์ · speech_list_judge_main_c13	? (ช)	[อีกแทร็ก]	Someone who you betrayed.\nSomeone who had trusted you for years.	คนที่คุณเป็นฝ่ายทรยศต่างหาก\nคนที่ไว้ใจคุณมาตลอดหลายปี
P1303-0015	พากย์ · speech_list_judge_main_c13	? (ช)		I have to say, it was strange seeing\nhow you behaved in Shono's lab.	ต้องบอกเลยว่าแปลกใจที่เห็น\nพฤติกรรมของคุณในแล็บของโชโนะ
P1303-0016	พากย์ · speech_list_judge_main_c13	? (?)	[อีกแทร็ก]	Back in Shono's lab, you made\na very strange choice. 	ตอนอยู่ในแล็บของโชโนะ คุณตัดสินใจ\nอะไรแปลกมาก 
P1303-0017	พากย์ · speech_list_judge_main_c13	? (ช)		A public prosecutor, the so-called defenders of justice...\nchose to protect AD-9 over the sanctity of the law.	อัยการของรัฐ ผู้ได้ชื่อว่าเป็นผู้พิทักษ์ ความยุติธรรม...\nกลับเลือกปกป้อง AD-9 แทนความศักดิ์สิทธิ์ของกฎหมาย
P1303-0018	พากย์ · speech_list_judge_main_c13	? (ช)	[อีกแทร็ก]	A public prosecutor defends justice.\nBut you chose to protect AD-9 over the sanctity of the law.	อัยการของรัฐมีหน้าที่ปกป้อง ความยุติธรรม\nแต่คุณกลับเลือกปกป้อง AD-9 แทนความศักดิ์สิทธิ์ของกฎหมาย
P1303-0019	พากย์ · speech_list_judge_main_c13	? (ช)		I think it's time you dropped the act.	ผมว่าถึงเวลาที่คุณจะเลิกแสร้ง ทำได้แล้ว
P1303-0020	พากย์ · speech_list_judge_main_c13	? (ช)	[อีกแทร็ก]	I know everything, so drop the act.	ผมรู้หมดทุกอย่างแล้ว เลิกแสร้งทำเถอะ
P1303-0021	พากย์ · speech_list_judge_main_c13	? (ช)		Please, go on.	เล่าต่อเถอะ
P1303-0022	พากย์ · speech_list_judge_main_c13	? (ช)	[อีกแทร็ก]	Go on, please.	เล่าต่อเถอะ
P1303-0023	พากย์ · speech_list_judge_main_c13	? (ช)		And the regret you feel, that failure...\nIs what led you to AD-9.	และความเสียใจที่คุณรู้สึก ความล้มเหลวนั้น...\nคือสิ่งที่พาคุณมาสู่ AD-9
P1303-0024	พากย์ · speech_list_judge_main_c13	? (ช)	[อีกแทร็ก]	And your regrets about it...\nled you to abet AD-9.	และความเสียใจของคุณเรื่องนั้น...\nพาคุณไปสนับสนุน AD-9
P1303-0025	พากย์ · speech_list_judge_main_c13	? (ช)		When was it?	ตอนไหนกัน?
P1303-0026	พากย์ · speech_list_judge_main_c13	? (ช)	[อีกแทร็ก]	When'd you get involved?	คุณเข้าไปเกี่ยวข้องตั้งแต่เมื่อไหร่?
P1303-0027	พากย์ · speech_list_judge_main_c13	? (ช)		He did? But why?	เขาเรียกไปเองเลยเหรอ? แต่ทำไมล่ะ?
P1303-0028	พากย์ · speech_list_judge_main_c13	? (ช)	[อีกแทร็ก]	Ichinose did? Personally?\nBut why?	อิจิโนเสะเรียกเองเลยเหรอ?\nแต่ทำไมล่ะ?
P1303-0029	พากย์ · speech_list_judge_main_c13	? (ช)		Prosecutor Morita.\nHave you heard this saying before?	อัยการโมริตะ\nเคยได้ยินคำพูดนี้ไหม
P1303-0030	พากย์ · speech_list_judge_main_c13	? (ช)	[อีกแทร็ก]	You know, there's a saying\nthat's stuck with me...	รู้ไหม มีคำพูดหนึ่ง\nที่ติดอยู่ในหัวผมมาตลอด...
P1303-0031	พากย์ · speech_list_judge_main_c13	? (ช)		Fire tempers iron,\nand temptation steels the just.	ไฟหลอมเหล็กให้แข็งแกร่ง\nและสิ่งยั่วยวนก็หลอมคนซื่อตรง ให้แกร่งขึ้นเช่นกัน
P1303-0032	พากย์ · speech_list_judge_main_c13	? (ช)	[อีกแทร็ก]	"Fire tempers iron,\nand temptation steels the just."	"ไฟหลอมเหล็กให้แข็งแกร่ง\nและสิ่งยั่วยวนก็หลอมคนซื่อตรง ให้แกร่งขึ้นเช่นกัน"
P1303-0033	พากย์ · speech_list_judge_main_c13	? (ช)		If someone told you they knew how to make\nmankind immortal at the sacrifice of a few...	ถ้ามีใครบอกคุณว่าเขารู้วิธีทำให้\nมนุษยชาติเป็นอมตะได้ ด้วยการเสียสละคนเพียงไม่กี่คน...
P1303-0034	พากย์ · speech_list_judge_main_c13	? (ช)	[อีกแทร็ก]	If someone offered you the secret\nto immortality, for a "small" sacrifice...	ถ้ามีใครเสนอความลับ\nสู่ความเป็นอมตะให้คุณ แลกกับการเสียสละ "เล็กน้อย"...
P1303-0035	พากย์ · speech_list_judge_main_c13	? (ช)		You would've looked the other way\nno matter how many people had to die.	คุณก็คงจะหลับตาข้างหนึ่ง\nไม่ว่าจะต้องมีคนตายไปกี่คนก็ตาม
P1303-0036	พากย์ · speech_list_judge_main_c13	? (ช)	[อีกแทร็ก]	You would've looked the other way.\nNo matter how many people had to die.	คุณก็คงจะหลับตาข้างหนึ่งอยู่ดี\nไม่ว่าจะต้องมีคนตายไปกี่คนก็ตาม
P1303-0037	พากย์ · speech_list_judge_main_c13	? (ช)		Shono has killed people to cover this up.\nEmi Terasawa died for it.	โชโนะฆ่าคนเพื่อปิดเรื่องนี้\nเอมิ เทราซาวะตายเพราะเรื่องนี้
P1303-0038	พากย์ · speech_list_judge_main_c13	? (ช)	[อีกแทร็ก]	Shono was so desperate to hide his experiments,\nhe murdered Emi Terasawa.	โชโนะสิ้นหวังจนต้องฆ่าคนเพื่อ ปิดบังการทดลอง\nเขาฆ่าเอมิ เทราซาวะ
P1303-0039	พากย์ · speech_list_judge_main_c13	? (ช)		What about her?\nDid she deserve that!?	แล้วเธอล่ะ?\nเธอสมควรตายแบบนั้นเหรอ!?
P1303-0040	พากย์ · speech_list_judge_main_c13	? (ช)		Meanwhile Shinpei Okubo was\nfalsely convicted, and sentenced to death.	ในขณะเดียวกัน ชินเป โอคุโบะก็\nถูกตัดสินผิดว่ามีความผิด และถูกตัดสินประหารชีวิต
P1303-0041	พากย์ · speech_list_judge_main_c13	? (ช)	[อีกแทร็ก]	Under a false conviction, Shinpei Okubo\nwas sent to death row.	ด้วยคำตัดสินที่ผิดพลาด ชินเป โอคุโบะ\nถูกส่งไปแดนประหาร
P1303-0042	พากย์ · speech_list_judge_main_c13	? (ช)		He wakes up every day\nnot knowing if it's his last.	เขาตื่นขึ้นมาทุกวัน\nโดยไม่รู้ว่าจะเป็นวันสุดท้าย ของเขาหรือเปล่า
P1303-0043	พากย์ · speech_list_judge_main_c13	? (ช)	[อีกแทร็ก]	For three years, he's been prepared to die\nfor a crime he didn't commit.	สามปีที่ผ่านมา เขาเตรียมใจตายอยู่ตลอด\nเพื่อความผิดที่เขาไม่ได้ก่อ
P1303-0044	พากย์ · speech_list_judge_main_c13	? (ช)		What did he do to deserve that?	เขาทำอะไรผิดถึงต้องเจอแบบนั้น?
P1303-0045	พากย์ · speech_list_judge_main_c13	? (ช)	[อีกแทร็ก]	What did he do to deserve that!?	เขาทำอะไรผิดถึงต้องเจอแบบนั้น!?
P1303-0046	พากย์ · speech_list_judge_main_c13	? (ช)		<color=ｍonologue>(So this is Morita's family...)</color>	<color=ｍonologue>(นี่สินะครอบครัวของโมริตะ...)</color>
P1303-0047	พากย์ · speech_list_judge_main_c13	? (ช)		<color=ｍonologue>(His confidence is wavering...\nThis left a lot of scars.)</color>	<color=ｍonologue>(ความมั่นใจของเขาเริ่มสั่นคลอน...\nเรื่องนี้ทิ้งบาดแผลไว้เยอะเลย)</color>
P1303-0048	พากย์ · speech_list_judge_main_c13	? (ช)		<color=ｍonologue>(And that's how someone with\nthe best intentions gets led astray.)</color>	<color=ｍonologue>(นี่แหละคือทางที่คนเจตนาดีที่สุด\nก็ยังหลงผิดได้)</color>
P1303-0049	พากย์ · speech_list_judge_main_c13	Kaito (ช)		Hattori wrote this, huh?	ฮัตโตริเป็นคนเขียนเรื่องนี้เองเหรอ?
P1303-0050	พากย์ · speech_list_judge_main_c13	Kaito (ช)	[อีกแทร็ก]	Crazy stuff.\nYou said Hattori wrote this?	บ้าไปเลย\nบอกว่าฮัตโตริเขียนเนี่ยนะ?
P1303-0051	พากย์ · speech_list_judge_main_c13	? (ช)		Illegal Human Experiments Discovered in Kamurocho...\n"Dementia Drug AD-9 the Focus".	"พบการทดลองมนุษย์ผิดกฎหมายในคามุโรโจ"...\n"ยารักษาภาวะสมองเสื่อม AD-9 ตกเป็นประเด็น"
P1303-0052	พากย์ · speech_list_judge_main_c13	? (ช)	[อีกแทร็ก]	"Illegal Human Experiments Discovered in Kamurocho"...\n"Dementia Drug AD-9 the Focus".	"พบการทดลองมนุษย์ผิดกฎหมายในคามุโรโจ"...\n"ยารักษาภาวะสมองเสื่อม AD-9 ตกเป็นประเด็น"
P1303-0053	พากย์ · speech_list_judge_main_c13	? (ช)		These pictures...	รูปพวกนี้...
P1303-0054	พากย์ · speech_list_judge_main_c13	Kaito (ช)	[ใช้ร่วม]	Heh. Nice work.	เฮอะ ทำได้ดีนี่
P1303-0055	พากย์ · speech_list_judge_main_c13	? (ช)	[อีกแทร็ก]	Heh, good shit.	เฮอะ เจ๋งเป็นบ้าเลย
P1303-0056	พากย์ · speech_list_judge_main_c13	Sugiura (ช)		I took 'em when we broke\ninto Shono's lab.	ผมถ่ายตอนที่เรา\nบุกเข้าไปในแล็บของโชโนะ
P1303-0057	พากย์ · speech_list_judge_main_c13	Sugiura (ช)	[อีกแทร็ก]	Yep, all mine. Took 'em when we\nbroke into Shono's lab.	ใช่ ฝีมือผมเอง ถ่ายตอนที่เรา\nบุกเข้าไปในแล็บของโชโนะ
P1303-0058	พากย์ · speech_list_judge_main_c13	Yagami (ช)		Yeah. Said he tried to get it out\njust in time for today's trial.	ใช่ เขาบอกว่าพยายามทำให้ทัน\nพอดีกับการพิจารณาคดีวันนี้เลย
P1303-0059	พากย์ · speech_list_judge_main_c13	Yagami (ช)	[อีกแทร็ก]	Yup. Said he tried to get it out\nin time for the trial.	ใช่ เขาบอกว่าพยายามทำให้ทัน\nการพิจารณาคดีพอดี
P1303-0060	พากย์ · speech_list_judge_main_c13	Higashi (ช)		It's time.\nGive 'em hell in there.	ถึงเวลาแล้ว\nเข้าไปถล่มพวกมันให้เละเลย
P1303-0061	พากย์ · speech_list_judge_main_c13	Higashi (ช)	[อีกแทร็ก]	It's time. Give 'em hell in there.	ถึงเวลาแล้ว เข้าไปถล่มพวกมันให้เละเลย
P1303-0062	พากย์ · speech_list_judge_main_c13	Hoshino (ช)		Good luck today, Yagami-san.\nI'll be taking notes.	ขอให้โชคดีวันนี้นะครับ ยากามิซัง\nผมจะจดโน้ตไว้เลย
P1303-0063	พากย์ · speech_list_judge_main_c13	Hoshino (ช)	[อีกแทร็ก]	Good luck in there today, Yagami-san.\nI'll be taking notes.	ขอให้โชคดีในนั้นวันนี้นะครับ ยากามิซัง\nผมจะจดโน้ตไว้เลย
P1303-0064	พากย์ · speech_list_judge_main_c13	? (ช)		That's exactly why it'll be\nan educational experience.	นั่นแหละครับคือเหตุผลที่มันจะเป็น\nประสบการณ์ที่ได้เรียนรู้
P1303-0065	พากย์ · speech_list_judge_main_c13	? (ช)	[อีกแทร็ก]	Well... that's exactly why\nit'll be educational.	ก็นั่นแหละครับ... เป็นเหตุผลว่าทำไม\nมันถึงจะได้เรียนรู้อะไรเยอะ
P1303-0066	พากย์ · speech_list_judge_main_c13	Kaito (ช)		Yeesh. Don't think I'm ever gonna\nget used to seein' you in a suit.	โอ๊ยตาย คิดว่าคงไม่มีวันชิน\nกับการเห็นนายใส่สูทหรอกนะ
P1303-0067	พากย์ · speech_list_judge_main_c13	Kaito (ช)	[อีกแทร็ก]	Back in the suit, huh...?\nI'll never get used to this.	กลับมาใส่สูทอีกแล้วสินะ...?\nฉันคงไม่มีวันชินกับเรื่องนี้แน่
P1303-0068	พากย์ · speech_list_judge_main_c13	Sugiura (ช)		Are they gonna set Okubo free\nif you win this trial?	พวกเขาจะปล่อยตัวโอคุโบะไหม\nถ้ายากามิซังชนะคดีนี้?
P1303-0069	พากย์ · speech_list_judge_main_c13	Sugiura (ช)	[อีกแทร็ก]	So if you win this trial,\nOkubo walks free, huh?	งั้นถ้ายากามิซังชนะคดีนี้\nโอคุโบะก็จะได้เป็นอิสระเลยสินะ?
P1303-0070	พากย์ · speech_list_judge_main_c13	Yagami (ช)		That's all you have to say to me?\nThis is kinda a big deal, remember?	มีแค่นี้ที่จะพูดกับผมเนี่ยนะ?\nเรื่องนี้มันเรื่องใหญ่เลยนะ จำได้ไหม?
P1303-0071	พากย์ · speech_list_judge_main_c13	Yagami (ช)	[อีกแทร็ก]	That's all you got?\nThis is kinda a big deal, remember?	มีเท่านี้เองเหรอ?\nนี่มันเรื่องใหญ่นะ จำได้ไหม?
P1303-0072	พากย์ · speech_list_judge_main_c13	? (ช)		It's not guaranteed... but if not today, I'll make it\nhappen eventually. Even if it costs me my life.	ยังไม่แน่นอนหรอก... แต่ถ้าไม่ใช่วันนี้ ผมก็จะทำให้มัน\nเกิดขึ้นให้ได้สักวัน ต่อให้ต้องแลกด้วยชีวิตผมก็ตาม
P1303-0073	พากย์ · speech_list_judge_main_c13	? (ช)	[อีกแทร็ก]	If not today, I'll still make it happen somehow.\nEven if it costs me my life.	ถ้าไม่ใช่วันนี้ ผมก็จะทำให้มันเกิดขึ้นให้ได้สักวัน\nต่อให้ต้องแลกด้วยชีวิตผมก็ตาม
P1303-0074	พากย์ · speech_list_judge_main_c13	? (ช)		I will.\nMatsugane-san deserves justice.	ผมจะทำ\nมัตสึกาเนะซังสมควรได้รับความยุติธรรม
P1303-0075	พากย์ · speech_list_judge_main_c13	? (ช)	[อีกแทร็ก]	I will. For Matsugane-san.	ผมจะทำ เพื่อมัตสึกาเนะซัง
P1303-0076	พากย์ · speech_list_judge_main_c13	? (ช)		I dunno, this trial might not be\nthe most textbook case.	ผมไม่แน่ใจนะ คดีนี้อาจจะไม่ใช่\nคดีตัวอย่างในตำราซะทีเดียว
P1303-0077	พากย์ · speech_list_judge_main_c13	? (ช)	[อีกแทร็ก]	I dunno. This trial might not be\nthe most textbook case.	ผมไม่แน่ใจ คดีนี้อาจจะไม่ใช่\nคดีตัวอย่างในตำราซะทีเดียว
P1303-0078	พากย์ · speech_list_judge_main_c13	Ayabe (ช)		Kazuya Ayabe.\nBorn on July 2nd, 1983.	คาซึยะ อายาเบะ\nเกิดวันที่ 2 กรกฎาคม 1983
P1303-0079	พากย์ · speech_list_judge_main_c13	Ayabe (ช)	[อีกแทร็ก]	Kazuya Ayabe.\nDate of birth... July 2nd, 1983.	คาซึยะ อายาเบะ\nวันเกิด... วันที่ 2 กรกฎาคม 1983
P1303-0080	พากย์ · speech_list_judge_main_c13	Izumida (ช)		The prosecution moves to call a witness to the stand.\nSomeone who can deny this case's link to the ADDC.	ฝ่ายโจทก์ขอเรียกพยานขึ้นคอกพยาน\nผู้ที่จะปฏิเสธความเกี่ยวข้อง ของคดีนี้กับ ADDC
P1303-0081	พากย์ · speech_list_judge_main_c13	Izumida (ช)	[อีกแทร็ก]	The prosecution calls a witness to the stand.\nSomeone who can refute this case's link to the ADDC.	ฝ่ายโจทก์ขอเรียกพยานขึ้นคอกพยาน\nผู้ที่จะหักล้างความเกี่ยวข้อง ของคดีนี้กับ ADDC
P1303-0082	พากย์ · speech_list_judge_main_c13	? (ช)		The Vice Minister of\nthe Ministry of Health, Kaoru Ichinose.	รองปลัดกระทรวงสาธารณสุข\nคาโอรุ อิจิโนเสะ
P1303-0083	พากย์ · speech_list_judge_main_c13	? (ช)	[อีกแทร็ก]	The Vice Minister of the Ministry of Health,\nKaoru Ichinose-san.	รองปลัดกระทรวงสาธารณสุข\nคาโอรุ อิจิโนเสะซัง
P1303-0084	พากย์ · speech_list_judge_main_c13	Saibancho (ช)		Defendant. Please state your name\nand date of birth for the record.	จำเลย กรุณาแจ้งชื่อ\nและวันเดือนปีเกิดเพื่อบันทึก ไว้เป็นหลักฐาน
P1303-0085	พากย์ · speech_list_judge_main_c13	Saibancho (ช)	[อีกแทร็ก]	Please state your name\nand date of birth for the record.	กรุณาแจ้งชื่อ\nและวันเดือนปีเกิดเพื่อบันทึก ไว้เป็นหลักฐาน
P1303-0086	พากย์ · speech_list_judge_main_c13	? (ช)		And where are you currently residing?	แล้วตอนนี้คุณพักอาศัยอยู่ที่ไหน?
P1303-0087	พากย์ · speech_list_judge_main_c13	Yagami (ช)		This is the first trial\nfor the murder of Masamichi Shintani.	นี่คือการพิจารณาคดีครั้งแรก\nสำหรับคดีฆาตกรรมมาซามิจิ ชินทานิ
P1303-0088	พากย์ · speech_list_judge_main_c13	Yagami (ช)	[อีกแทร็ก]	It's the first day of proceedings\nin the murder case of a Kamurocho lawyer.	วันนี้คือวันแรกของการพิจารณาคดี\nฆาตกรรมทนายความแห่งคามุโรโจ
P1303-0089	พากย์ · speech_list_judge_main_c13	? (ช)		The defendant... A crooked cop\nby the name of Kazuya Ayabe.	จำเลย... ตำรวจทุจริต\nชื่อคาซึยะ อายาเบะ
P1303-0090	พากย์ · speech_list_judge_main_c13	? (ช)	[อีกแทร็ก]	Masamichi Shintani's supposed killer...\nA crooked cop by the name of Kazuya Ayabe.	ผู้ต้องสงสัยว่าเป็นฆาตกรของมาซามิจิ ชินทานิ...\nตำรวจทุจริตชื่อคาซึยะ อายาเบะ
P1303-0091	พากย์ · speech_list_judge_main_c13	? (ช)		The bullet found in Shintani's body bore\nthe rifling marks from Ayabe's gun.	กระสุนที่พบในร่างของชินทานิมีรอย\nเกลียวปืนตรงกับปืนของอายาเบะ
P1303-0092	พากย์ · speech_list_judge_main_c13	? (ช)	[อีกแทร็ก]	The bullet found in Shintani's body\nbore the rifling marks from Ayabe's gun.	กระสุนที่พบในร่างของชินทานิ\nมีรอยเกลียวปืนตรงกับปืนของอายาเบะ
P1303-0093	พากย์ · speech_list_judge_main_c13	? (ช)		That's the most significant piece\nof evidence they have against him.	นั่นคือหลักฐานสำคัญที่สุด\nที่พวกเขามีเอาผิดเขา
P1303-0094	พากย์ · speech_list_judge_main_c13	? (ช)	[อีกแทร็ก]	That's the core of their case\nagainst him.	นั่นคือแก่นของคดี\nที่พวกเขาใช้เอาผิดเขา
P1303-0095	พากย์ · speech_list_judge_main_c13	? (ช)		But that was all a cover-up\nperpetrated by the Mole. Kuroiwa.	แต่ทั้งหมดนี้เป็นเพียงการปิดบัง\nที่ไอ้ตัวตุ่นก่อขึ้น คุโรอิวะ
P1303-0096	พากย์ · speech_list_judge_main_c13	? (ช)	[อีกแทร็ก]	But I know... the Mole did this.\nKuroiwa framed him for the whole thing.	แต่ผมรู้... ไอ้ตัวตุ่นเป็นคนทำเรื่องนี้\nคุโรอิวะใส่ร้ายเขาทั้งหมด
P1303-0097	พากย์ · speech_list_judge_main_c13	? (ช)		Ayabe is innocent.	อายาเบะบริสุทธิ์
P1303-0098	พากย์ · speech_list_judge_main_c13	? (ช)		In other words,\nthis trial is little more than a farce.	พูดอีกอย่างก็คือ\nการพิจารณาคดีนี้แทบจะเป็นเรื่องตลก
P1303-0099	พากย์ · speech_list_judge_main_c13	? (ช)	[อีกแทร็ก]	In other words, this trial is basically a farce.\nWe're up against powers we can't fight.	พูดอีกอย่างก็คือ การพิจารณาคดีนี้แทบจะเป็นเรื่องตลก\nเรากำลังสู้กับอำนาจที่เราสู้ไม่ได้
P1303-0100	พากย์ · speech_list_judge_main_c13	? (ช)		At least, until this very moment.	อย่างน้อยก็จนถึงตอนนี้
P1303-0101	พากย์ · speech_list_judge_main_c13	? (ช)	[อีกแทร็ก]	At least, not until now.	อย่างน้อยก็จนกระทั่งตอนนี้
P1303-0102	พากย์ · speech_list_judge_main_c13	Hoshino (ช)		Um, this is no time\nto be stroking his ego.	เอ่อ ตอนนี้ไม่ใช่เวลา\nมาเอาใจเขาแบบนี้นะ
P1303-0103	พากย์ · speech_list_judge_main_c13	? (ช)		Yagami-san, come on...	ยากามิซัง ให้ตายเถอะ...
P1303-0104	พากย์ · speech_list_judge_main_c13	? (ช)	[อีกแทร็ก]	Come on, Yagami-san...	ให้ตายเถอะ ยากามิซัง...
P1303-0105	พากย์ · speech_list_judge_main_c13	Ichinose (ช)		The ADDC bears most of the responsibilities\ncarried out by the Medical Institute.	ADDC รับผิดชอบภารกิจส่วนใหญ่\nที่ดำเนินการโดยสถาบันการแพทย์
P1303-0106	พากย์ · speech_list_judge_main_c13	? (ช)		Most notably, the development of AD-9,\nwhich was announced to the world last year.	ที่โดดเด่นที่สุดคือการพัฒนา AD-9\nซึ่งประกาศต่อโลกไปเมื่อปีที่แล้ว
P1303-0107	พากย์ · speech_list_judge_main_c13	? (ช)	[อีกแทร็ก]	Most notably the development of AD-9,\nannounced to the world last year.	ที่โดดเด่นที่สุดคือการพัฒนา AD-9\nที่ประกาศต่อโลกไปเมื่อปีที่แล้ว
P1303-0108	พากย์ · speech_list_judge_main_c13	? (ช)		Director Kido has done a fine job overseeing\nits evolution into a matter of national import.	ผู้อำนวยการคิโดะทำหน้าที่ได้ ดีเยี่ยมในการดูแล\nให้มันพัฒนาไปเป็นเรื่องสำคัญ ระดับชาติ
P1303-0109	พากย์ · speech_list_judge_main_c13	? (ช)	[อีกแทร็ก]	Director Kido has done a fine job overseeing its evolution\ninto a matter of national import.	ผู้อำนวยการคิโดะทำหน้าที่ได้ ดีเยี่ยมในการดูแลให้มันพัฒนา\nไปเป็นเรื่องสำคัญระดับชาติ
P1303-0110	พากย์ · speech_list_judge_main_c13	? (ช)		It is a revolutionary drug meant to be\na complete cure for Alzheimer's disease.	มันคือยาปฏิวัติวงการที่มีไว้เพื่อ\nรักษาโรคอัลไซเมอร์ให้หายขาด
P1303-0111	พากย์ · speech_list_judge_main_c13	? (ช)		Given how pressing the drastic increase in dementia\npatients is, we've placed great faith and hope into AD-9.	เมื่อพิจารณาถึงความเร่งด่วนของ จำนวนผู้ป่วยภาวะสมองเสื่อม\nที่เพิ่มขึ้นอย่างรวดเร็ว เราจึงฝากความหวังและศรัทธาไว้ที่ AD-9 อย่างมาก
P1303-0112	พากย์ · speech_list_judge_main_c13	? (ช)	[อีกแทร็ก]	Given how pressing the drastic increase in dementia patients is,\nwe've placed great faith in AD-9.	เมื่อพิจารณาถึงความเร่งด่วนของ จำนวนผู้ป่วย ภาวะสมองเสื่อมที่เพิ่มขึ้น อย่างรวดเร็ว\nเราจึงฝากความศรัทธาไว้ที่ AD-9 อย่างมาก
P1303-0113	พากย์ · speech_list_judge_main_c13	? (ช)		That is what the title implies, yes.	ตำแหน่งก็บอกอยู่แล้วว่าใช่
P1303-0114	พากย์ · speech_list_judge_main_c13	? (ช)		I'm not sure how this is relevant\nto the case at hand.	ผมไม่แน่ใจว่าเรื่องนี้เกี่ยวข้อง\nกับคดีนี้ยังไง
P1303-0115	พากย์ · speech_list_judge_main_c13	? (ช)		What are you getting at?	คุณจะพูดอะไรกันแน่?
P1303-0116	พากย์ · speech_list_judge_main_c13	? (ช)	[อีกแทร็ก]	Hrm? What are you getting at?	หืม? คุณจะพูดอะไรกันแน่?
P1303-0117	พากย์ · speech_list_judge_main_c13	? (ช)		Is this really the place\nto be discussing such accusations?	ที่นี่มันเหมาะ\nจะพูดถึงข้อกล่าวหาแบบนี้เหรอ?
P1303-0118	พากย์ · speech_list_judge_main_c13	? (ช)	[อีกแทร็ก]	Now, is this really the place\nto make such accusations?	เอาล่ะ ที่นี่มันเหมาะ\nจะกล่าวหาแบบนี้จริงเหรอ?
P1303-0119	พากย์ · speech_list_judge_main_c13	? (ช)		Hmph. Are all your arguments\ngoing to be based on hearsay?	ฮึ่ม ข้อโต้แย้งของคุณ\nมีแต่คำเล่าลือทั้งนั้นเลยหรือครับ?
P1303-0120	พากย์ · speech_list_judge_main_c13	? (ช)	[อีกแทร็ก]	Hmph. Is that your argument?\nAll of this is based on hearsay?	ฮึ่ม นี่คือข้อโต้แย้งของคุณหรือ?\nมีแต่คำเล่าลือทั้งนั้นเลยงั้นหรือ?
P1303-0121	พากย์ · speech_list_judge_main_c13	? (ช)		This is all purely gossip.	นี่มันก็แค่ข่าวซุบซิบทั้งนั้น
P1303-0122	พากย์ · speech_list_judge_main_c13	? (ช)	[อีกแทร็ก]	This is tabloid sensationalism.	นี่มันก็แค่ข่าวหวือหวาจากสื่อ ฉาบฉวยทั้งนั้น
P1303-0123	พากย์ · speech_list_judge_main_c13	? (ช)		Enough of this nonsense!	พอกันทีกับเรื่องไร้สาระนี่!
P1303-0124	พากย์ · speech_list_judge_main_c13	? (ช)		Human experimentation!?\nDon't be ridiculous!	การทดลองในมนุษย์งั้นหรือ!?\nอย่ามาพูดเหลวไหล!
P1303-0125	พากย์ · speech_list_judge_main_c13	? (ช)		What kind of trial is being run here? How can he say\nwhatever he wants without a single piece of evidence?	นี่มันการพิจารณาคดีแบบไหนกัน? เขาพูดอะไรก็ได้\nโดยไม่มีหลักฐานสักชิ้นแบบนี้ เชียวหรือ?
P1303-0126	พากย์ · speech_list_judge_main_c13	? (ช)	[อีกแทร็ก]	What kind of trial is this!?\nHe hasn't even presented credible proof!	นี่มันการพิจารณาคดีแบบไหนกัน!?\nเขายังไม่ได้แสดงหลักฐานที่ น่าเชื่อถือสักชิ้นเลย!
P1303-0127	พากย์ · speech_list_judge_main_c13	? (ช)		Why doesn't the prosecution stop him!?	ทำไมอัยการไม่ห้ามเขาล่ะ!?
P1303-0128	พากย์ · speech_list_judge_main_c13	? (ช)	[อีกแทร็ก]	Why doesn't the prosecution object!?	ทำไมอัยการไม่คัดค้านล่ะ!?
P1303-0129	พากย์ · speech_list_judge_main_c13	? (ช)		Have you lost your mind?	คุณเสียสติไปแล้วหรือไง?
P1303-0130	พากย์ · speech_list_judge_main_c13	? (ช)	[อีกแทร็ก]	What...? Have you lost your mind?	อะไรนะ...? คุณเสียสติไปแล้วหรือไง?
P1303-0131	พากย์ · speech_list_judge_main_c13	? (ช)		Yes. He's the murderer\nyou set free three years ago.	ใช่สิ เขาคือฆาตกรที่คุณ\nปล่อยตัวไปเมื่อสามปีก่อนไง
P1303-0132	พากย์ · speech_list_judge_main_c13	? (ช)	[อีกแทร็ก]	Yes. He's the murderer you set free\nthree years ago.	ใช่สิ เขาคือฆาตกรที่คุณปล่อยตัวไป\nเมื่อสามปีก่อนไง
P1303-0133	พากย์ · speech_list_judge_main_c13	? (ช)		This garbage again!?	เรื่องไร้สาระนี่อีกแล้วหรือ!?
P1303-0134	พากย์ · speech_list_judge_main_c13	? (ช)		Enough. I was only asked here to explain to the jury\nabout AD-9 and the ADDC.	พอที ผมถูกเรียกมาที่นี่เพื่ออธิบาย ให้คณะลูกขุนฟัง\nเรื่อง AD-9 กับ ADDC เท่านั้น
P1303-0135	พากย์ · speech_list_judge_main_c13	? (ช)		How dare you treat me like this!?	กล้าดียังไงมาทำกับผมแบบนี้!?
P1303-0136	พากย์ · speech_list_judge_main_c13	? (ช)		You can't make these claims without proof!\nShow me your evidence!	คุณจะกล่าวอ้างแบบนี้โดยไม่มี หลักฐานไม่ได้!\nเอาหลักฐานมาให้ผมดู!
P1303-0137	พากย์ · speech_list_judge_main_c13	? (ช)	[อีกแทร็ก]	Show me a shred of evidence that\nsupports these baseless claims!	เอาหลักฐานสักชิ้นมาให้ผมดูสิ\nที่สนับสนุนคำกล่าวอ้าง เลื่อนลอยพวกนี้!
P1303-0138	พากย์ · speech_list_judge_main_c13	Izumida (ช)		Can you tell the Court\nwhat exactly AD-9 is? 	ช่วยเล่าให้ศาลฟังหน่อยได้ไหม\nว่า AD-9 คืออะไรกันแน่ 
P1303-0139	พากย์ · speech_list_judge_main_c13	Izumida (ช)	[อีกแทร็ก]	Can you tell the Court what exactly AD-9 is? 	ช่วยเล่าให้ศาลฟังหน่อยได้ไหมว่า AD-9 คืออะไรกันแน่ 
P1303-0140	พากย์ · speech_list_judge_main_c13	? (ช)		I have no further questions.	ไม่มีคำถามเพิ่มเติมแล้ว
P1303-0141	พากย์ · speech_list_judge_main_c13	? (ช)	[อีกแทร็ก]	The ADDC's irrelevance is clear.	ความไม่เกี่ยวข้องของ ADDC ชัดเจนอยู่แล้ว
P1303-0142	พากย์ · speech_list_judge_main_c13	? (ช)		Members of the jury. Despite the defense's claims\nthat the ADDC is somehow related to this case...	ท่านคณะลูกขุน แม้ฝ่ายจำเลยจะกล่าวอ้าง\nว่า ADDC เกี่ยวข้องกับคดีนี้ ไม่ทางใดก็ทางหนึ่ง...
P1303-0143	พากย์ · speech_list_judge_main_c13	? (ช)	[อีกแทร็ก]	Despite the defense's claims that the ADDC\nis somehow related to this case...	แม้ฝ่ายจำเลยจะกล่าวอ้างว่า ADDC\nเกี่ยวข้องกับคดีนี้ ไม่ทางใดก็ทางหนึ่ง...
P1303-0144	พากย์ · speech_list_judge_main_c13	? (ช)		The prosecution holds that it is an absurdity to link such a reputable\ninstitution to the horrible murder that took place not long ago.	ฝ่ายโจทก์ยืนยันว่าเป็น เรื่องไร้สาระที่จะโยง\nสถาบันที่มีชื่อเสียงเช่นนี้ เข้ากับคดีฆาตกรรมสยดสยอง ที่เพิ่งเกิดขึ้น
P1303-0145	พากย์ · speech_list_judge_main_c13	? (ช)	[อีกแทร็ก]	The prosecution holds that such a link is absurd.\nThis grisly murder has no connection to such a reputable institution.	ฝ่ายโจทก์ยืนยันว่าการเชื่อมโยง เช่นนี้ไร้สาระ\nคดีฆาตกรรมสยดสยองนี้ไม่มีส่วน เกี่ยวข้องกับสถาบันที่ มีชื่อเสียงเช่นนี้เลย
P1303-0146	พากย์ · speech_list_judge_main_c13	? (ช)	[ใช้ร่วม]	That is all.	หมดคำถามเพียงเท่านี้ครับ
P1303-0147	พากย์ · speech_list_judge_main_c13	? (ช)		Oh come now.\nWhy not indulge him?	อ๊ะ ไม่เอาน่า\nทำไมไม่ลองตามน้ำเขาดูล่ะ?
P1303-0148	พากย์ · speech_list_judge_main_c13	? (ช)	[อีกแทร็ก]	Oh, come now.\nWhy not indulge him?	โธ่ ไม่เอาน่า\nทำไมไม่ลองตามน้ำเขาดูล่ะ?
P1303-0149	พากย์ · speech_list_judge_main_c13	? (ช)		Hm? You have a point there, but...	หืม? คุณก็มีประเด็นอยู่นะ แต่ว่า...
P1303-0150	พากย์ · speech_list_judge_main_c13	? (ช)		Sorry, I was enjoying hearing\nwhat he had to say.	ขอโทษที ผมกำลังเพลิดเพลิน\nกับสิ่งที่เขาพูดอยู่น่ะ
P1303-0151	พากย์ · speech_list_judge_main_c13	? (ช)	[อีกแทร็ก]	You must admit, it's entertaining.	คุณต้องยอมรับนะว่ามันสนุกดีเหมือนกัน
P1303-0152	พากย์ · speech_list_judge_main_c13	? (ช)	[อีกแทร็ก]	What!? Really?	อะไรนะ!? จริงเหรอ?
P1303-0153	พากย์ · speech_list_judge_main_c13	? (ช)		That's quite a bold assertion.\nDo you have any evidence that can prove it, though?	นั่นเป็นการกล่าวอ้างที่ ค่อนข้างกล้ามากนะครับ\nแต่คุณมีหลักฐานมายืนยันเรื่อง นี้ได้ไหม?
P1303-0154	พากย์ · speech_list_judge_main_c13	? (ช)	[อีกแทร็ก]	AD-9's data was being falsified?\nWhat evidence proves that?	ข้อมูลของ AD-9 ถูกปลอมแปลงงั้นหรือ?\nมีหลักฐานอะไรมายืนยันเรื่องนี้ ได้บ้าง?
P1303-0155	พากย์ · speech_list_judge_main_c13	? (ช)		Hm? I thought this was about the ADDC.	หืม? ผมนึกว่าเรื่องนี้เกี่ยวกับ ADDC เสียอีก
P1303-0156	พากย์ · speech_list_judge_main_c13	? (?)	[อีกแทร็ก]	Hm...? But... wasn't the secret Shintani-sensei learned\nsupposed to be about the ADDC?    	หืม...? แต่... ความลับที่อาจารย์ชินทานิรู้มา\nไม่ใช่เรื่องเกี่ยวกับ ADDC หรอกหรือครับ? 
P1303-0157	พากย์ · speech_list_judge_main_c13	? (ช)		What you just said would be more pertinent\nto the Matsugane Family...	สิ่งที่คุณเพิ่งพูดไปน่าจะ เกี่ยวข้องกับ\nตระกูลมัตสึกาเนะมากกว่า...
P1303-0158	พากย์ · speech_list_judge_main_c13	? (ช)	[อีกแทร็ก]	Unless it's your intention to\nindict the Matsugane Family?	หรือว่าคุณตั้งใจจะฟ้องร้อง\nตระกูลมัตสึกาเนะกันแน่?
P1303-0159	พากย์ · speech_list_judge_main_c13	? (ช)	[อีกแทร็ก] [ใช้ร่วม]	Wait, hold on.	เดี๋ยว เดี๋ยวสิ
P1303-0160	พากย์ · speech_list_judge_main_c13	? (ช)		You need some evidence if you're going to accuse\nthe ADDC of murdering Shintani-sensei.	ถ้าจะกล่าวหาว่า ADDC ฆ่าอาจารย์ชินทานิ\nคุณต้องมีหลักฐานมายืนยันนะครับ
P1303-0161	พากย์ · speech_list_judge_main_c13	? (ช)	[อีกแทร็ก]	If you believe the ADDC is culpable for Shintani-sensei's death,\nyou'll need some evidence to back that up.	ถ้าคุณเชื่อว่า ADDC ต้องรับผิดชอบต่อการตายของ อาจารย์ชินทานิ\nคุณก็ต้องมีหลักฐานมายืนยัน เรื่องนี้ครับ
P1303-0162	พากย์ · speech_list_judge_main_c13	? (ช)		And from the way you're grasping at straws,\nit doesn't sound like you have it.	และดูจากท่าทางที่คุณกำลัง จนตรอกอยู่นี่\nฟังดูแล้วคุณคงไม่มีหลักฐานหรอกนะครับ
P1303-0163	พากย์ · speech_list_judge_main_c13	? (ช)	[อีกแทร็ก]	From what you've been saying,\nI don't think you have that.	จากที่คุณพูดมาทั้งหมด\nผมว่าคุณคงไม่มีหลักฐานนั้นหรอกนะครับ
P1303-0164	พากย์ · speech_list_judge_main_c13	Saibancho (ช)		You may begin the cross-examination, counsel.	ทนายความ เชิญเริ่มการถามค้านได้
P1303-0165	พากย์ · speech_list_judge_main_c13	Saibancho (ช)	[อีกแทร็ก]	You may begin the\ncross-examination, counsel.	ทนายความ เชิญเริ่ม\nการถามค้านได้
P1303-0166	พากย์ · speech_list_judge_main_c13	? (ช)	[อีกแทร็ก]	Hm? What is this supposed to show...?	อืม? นี่มันจะแสดงให้เห็นอะไรกันแน่...?
P1303-0167	พากย์ · speech_list_judge_main_c13	? (ช)	[อีกแทร็ก]	Were you not going to prove the victim was close to\ndiscovering the Center's secret?	ทนายไม่ได้จะพิสูจน์หรอกหรือว่าเหยื่อ\nใกล้จะค้นพบความลับของศูนย์แห่ง นี้แล้ว?
P1303-0168	พากย์ · speech_list_judge_main_c13	? (ช)		You... think? Are you absolutely certain?	คุณ... คิดว่า? แน่ใจจริง ๆ หรือครับ?
P1303-0169	พากย์ · speech_list_judge_main_c13	? (ช)	[อีกแทร็ก]	You think...?\nIs the counsel... absolutely certain?	คุณคิดว่า...?\nทนายความ... แน่ใจจริง ๆ หรือ?
P1303-0170	พากย์ · speech_list_judge_main_c13	? (ช)		Please elaborate to the jury\nwhat exactly you mean by that.	กรุณาอธิบายให้คณะลูกขุนฟัง\nว่าคุณหมายความว่าอย่างไรกันแน่
P1303-0171	พากย์ · speech_list_judge_main_c13	? (ช)	[อีกแทร็ก]	Counsel, please elaborate\non these implications.	ทนายความ กรุณาอธิบาย\nนัยของสิ่งนี้ด้วย
P1303-0172	พากย์ · speech_list_judge_main_c13	Yagami (ช)		<color=ｍonologue>(Here we go.)</color>	<color=ｍonologue>(เอาล่ะ เริ่มกันเลย)</color>
P1303-0173	พากย์ · speech_list_judge_main_c13	? (ช)		You're the Vice Minister of the Ministry of Health,\ncorrect? Pretty high rank.	คุณคือรองปลัดกระทรวงสาธารณสุข\nใช่ไหม ตำแหน่งสูงมากเลยนะ
P1303-0174	พากย์ · speech_list_judge_main_c13	? (ช)	[อีกแทร็ก]	The witness's title was the Vice Minister, correct?\nEven in the Ministry of Health, that's near the top.	ตำแหน่งของพยานคือรองปลัด ใช่ไหม\nแค่ในกระทรวงสาธารณสุขก็ถือว่า อยู่เกือบบนสุดแล้ว
P1303-0175	พากย์ · speech_list_judge_main_c13	? (ช)		You must have really stood out\nto attain that position.	คุณคงต้องโดดเด่นมากจริง ๆ\nถึงได้ตำแหน่งนั้นมา
P1303-0176	พากย์ · speech_list_judge_main_c13	? (ช)		Maybe you did something extra special\nthat got you noticed?	หรือว่าคุณทำอะไรพิเศษเป็นพิเศษ\nจนมีคนสังเกตเห็น?
P1303-0177	พากย์ · speech_list_judge_main_c13	? (ช)	[อีกแทร็ก]	Maybe... you did something extra special\nthat got you noticed?	หรือว่า... คุณทำอะไรพิเศษเป็นพิเศษ\nจนมีคนสังเกตเห็นกันแน่?
P1303-0178	พากย์ · speech_list_judge_main_c13	? (ช)		Think back to 2002.\nThe year the Medical Institute was founded.	ลองนึกย้อนไปปี 2002 สิ\nปีที่สถาบันการแพทย์ก่อตั้งขึ้น
P1303-0179	พากย์ · speech_list_judge_main_c13	? (ช)	[อีกแทร็ก]	Think back to 2002. The year that the\nMedical Institute was founded.	ลองนึกย้อนไปปี 2002 ปีที่\nสถาบันการแพทย์ก่อตั้งขึ้น
P1303-0180	พากย์ · speech_list_judge_main_c13	? (ช)		I hear you spearheaded that whole operation.	ได้ยินมาว่าคุณเป็นหัวเรือใหญ่ ในการดำเนินการทั้งหมดเลยนะ
P1303-0181	พากย์ · speech_list_judge_main_c13	? (ช)	[อีกแทร็ก]	I hear you spearheaded\nthat whole operation.	ได้ยินมาว่าคุณเป็นหัวเรือใหญ่\nในการดำเนินการทั้งหมดเลย
P1303-0182	พากย์ · speech_list_judge_main_c13	? (ช)		As a result, many new organizations\ncame into being. The ADDC included.	ผลก็คือมีองค์กรใหม่ ๆ เกิดขึ้นมากมาย\nรวมถึง ADDC ด้วย
P1303-0183	พากย์ · speech_list_judge_main_c13	? (ช)	[อีกแทร็ก]	As a result, the ADDC came into being,\nalong with quite a few other organizations.	ผลก็คือ ADDC ถือกำเนิดขึ้น\nพร้อมกับองค์กรอื่น ๆ อีกไม่น้อย
P1303-0184	พากย์ · speech_list_judge_main_c13	? (ช)		Naturally, many Ministry of Health officials\nwelcomed this move because...	เป็นธรรมดาที่เจ้าหน้าที่ กระทรวงสาธารณสุขหลายคน\nจะยินดีกับความเคลื่อนไหวนี้ เพราะว่า...
P1303-0185	พากย์ · speech_list_judge_main_c13	? (ช)	[อีกแทร็ก]	Naturally, many Ministry of Health officials\nwelcomed this move. Because...	เป็นธรรมดาที่เจ้าหน้าที่ กระทรวงสาธารณสุขหลายคน\nจะยินดีกับความเคลื่อนไหวนี้ เพราะ...
P1303-0186	พากย์ · speech_list_judge_main_c13	? (ช)		You gave the Ministry more presence in the public mindshare.\nIt's no wonder they thought highly of you, Ichinose-san.	คุณทำให้กระทรวงมีพื้นที่ใน ความสนใจของสาธารณชนมากขึ้น\nไม่แปลกเลยที่พวกเขาจะยกย่องคุณ อิจิโนเสะซัง
P1303-0187	พากย์ · speech_list_judge_main_c13	? (ช)	[อีกแทร็ก]	Thanks to you, the Ministry had more presence in the public mindshare.\nIt's no wonder they thought highly of you, Ichinose-san.	เพราะคุณ กระทรวงถึงมีพื้นที่ในความสนใจ ของสาธารณชนมากขึ้น\nไม่แปลกเลยที่พวกเขาจะยกย่องคุณ อิจิโนเสะซัง
P1303-0188	พากย์ · speech_list_judge_main_c13	? (ช)		You gave hope to a nation of aspiring doctors and researchers.\nIt's truly incredible how you shot up the ranks.	คุณให้ความหวังกับหมอและ นักวิจัยทั่วประเทศที่มี ความมุ่งมั่น\nมันน่าทึ่งจริง ๆ ที่คุณไต่อันดับขึ้นมาได้เร็วขนาดนี้
P1303-0189	พากย์ · speech_list_judge_main_c13	? (ช)	[อีกแทร็ก]	You gave hope to a nation of aspiring doctors and researchers.\nIt's no wonder you shot up the ranks, Ichinose-san.	คุณให้ความหวังกับหมอและ นักวิจัยทั่วประเทศที่มี ความมุ่งมั่น\nไม่แปลกเลยที่คุณจะไต่อันดับ ขึ้นมาได้เร็ว อิจิโนเสะซัง
P1303-0190	พากย์ · speech_list_judge_main_c13	? (ช)		You made numerous new positions\nfor senior executives to retire into.	คุณสร้างตำแหน่งใหม่ ๆ มากมาย\nให้ผู้บริหารระดับสูงไปเกษียณ
P1303-0191	พากย์ · speech_list_judge_main_c13	? (ช)	[อีกแทร็ก]	You opened up positions for executives\nto retire into.	คุณเปิดตำแหน่งให้ผู้บริหาร\nไปเกษียณ
P1303-0192	พากย์ · speech_list_judge_main_c13	? (ช)		Thanks to you, they'd have a stable\nincome well into old age.	เพราะคุณ พวกเขาถึงมีรายได้\nมั่นคงไปจนแก่เฒ่า
P1303-0193	พากย์ · speech_list_judge_main_c13	? (ช)	[อีกแทร็ก]	Thanks to you, they'd have a stable income,\nwell into old age.	เพราะคุณ พวกเขาถึงมีรายได้มั่นคง\nไปจนแก่เฒ่า
P1303-0194	พากย์ · speech_list_judge_main_c13	? (ช)		This center, that lab,\nwho-cares-what hospital.	ศูนย์นี้ แล็บนั้น\nโรงพยาบาลไหนก็ช่างเถอะ
P1303-0195	พากย์ · speech_list_judge_main_c13	? (ช)	[อีกแทร็ก]	This center, that lab,\nany random hospital would do.	ศูนย์นี้ แล็บนั้น\nโรงพยาบาลที่ไหนก็ได้ทั้งนั้น
P1303-0196	พากย์ · speech_list_judge_main_c13	? (ช)		Consultancy positions sprung up\nfor those facilities left and right.	ตำแหน่งที่ปรึกษาผุดขึ้นมา\nให้สถานที่พวกนั้นทั้งซ้ายทั้งขวา
P1303-0197	พากย์ · speech_list_judge_main_c13	? (ช)	[อีกแทร็ก]	"Consultancy" positions sprung up\nfor those facilities left and right.	ตำแหน่ง "ที่ปรึกษา" ผุดขึ้นมา\nให้สถานที่พวกนั้นทั้งซ้ายทั้งขวา
P1303-0198	พากย์ · speech_list_judge_main_c13	? (ช)		And who better to fill them than former Ministry of Health\nexecs? They'd never have to worry about finding employment again.	แล้วใครจะเหมาะไปกว่าอดีต ข้าราชการกระทรวงสาธารณสุขล่ะ ครับ?\nพวกเขาจะได้ไม่ต้องกังวลเรื่อง หางานทำอีกเลย
P1303-0199	พากย์ · speech_list_judge_main_c13	? (ช)	[อีกแทร็ก]	Because of you, the Ministry of Health execs had security.\nTheir futures were guaranteed.	เพราะคุณ พวกข้าราชการกระทรวงสาธารณสุข ถึงมีหลักประกัน\nอนาคตของพวกเขาถูกค้ำประกันไว้แล้ว
P1303-0200	พากย์ · speech_list_judge_main_c13	? (ช)		It was a crafty move, Ichinose-san.	เป็นกลยุทธ์ที่แยบยลจริง ๆ ครับ อิจิโนเสะซัง
P1303-0201	พากย์ · speech_list_judge_main_c13	? (ช)		One I'm sure the Ministry leadership loved you for.\nI can see why you ended up vice minister.	ผมว่าผู้บริหารกระทรวงต้องปลื้ม คุณกับเรื่องนี้มากแน่ ๆ\nไม่แปลกใจเลยที่คุณได้ขึ้น เป็นรองปลัดกระทรวง
P1303-0202	พากย์ · speech_list_judge_main_c13	? (ช)		However...\nThe good times didn't last forever.	แต่ทว่า...\nช่วงเวลาดี ๆ นั้นไม่ได้อยู่ตลอดไป
P1303-0203	พากย์ · speech_list_judge_main_c13	? (ช)	[อีกแทร็ก]	However... nothing lasts forever.	แต่ทว่า... ไม่มีอะไรอยู่ตลอดไปหรอกครับ
P1303-0204	พากย์ · speech_list_judge_main_c13	? (ช)		In the months and years after its founding, people slowly\ncaught on to the Medical Institute's total lack of output.	หลังจากก่อตั้งมาหลายเดือนหลายปี ผู้คนก็ค่อย ๆ รู้ตัวว่า\nสถาบันการแพทย์แห่งนี้ไม่มี ผลงานอะไรออกมาเลยสักอย่าง
P1303-0205	พากย์ · speech_list_judge_main_c13	? (ช)	[อีกแทร็ก]	Eventually, people caught on to the\nMedical Institute's total lack of output.	ในที่สุดผู้คนก็รู้ตัวว่า สถาบันการแพทย์แห่งนี้\nไม่มีผลงานอะไรออกมาเลยสักอย่าง
P1303-0206	พากย์ · speech_list_judge_main_c13	? (ช)		And with the country in a recession,\nthey started zeroing in on the Institute's funding.	และเมื่อประเทศตกอยู่ใน ภาวะเศรษฐกิจถดถอย\nพวกเขาก็เริ่มจับตางบประมาณของ สถาบันแห่งนี้
P1303-0207	พากย์ · speech_list_judge_main_c13	? (ช)	[อีกแทร็ก]	When the recession hit, they started\nzeroing in on the Institute's funding.	พอเศรษฐกิจถดถอย พวกเขาก็เริ่มจับตา\nงบประมาณของสถาบันแห่งนี้ทันที
P1303-0208	พากย์ · speech_list_judge_main_c13	? (ช)		The vast amounts of money being poured into supporting\nit seemed like nothing more than a waste.	เงินมหาศาลที่ทุ่มลงไปเพื่อค้ำจุนมัน\nดูจะไม่ต่างอะไรจากการเสียเปล่า
P1303-0209	พากย์ · speech_list_judge_main_c13	? (ช)	[อีกแทร็ก]	The vast amounts of money being poured into it\nseemed practically wasteful.	เงินมหาศาลที่ทุ่มลงไปกับมันนั้น\nแทบจะเรียกได้ว่าสูญเปล่า
P1303-0210	พากย์ · speech_list_judge_main_c13	? (ช)		Before long, closing the Institute outright didn't seem out of the question.\nPlans were even set in motion to redevelop the land once it was gone.	ไม่นานนัก การปิดสถาบันแห่งนี้ไปเลยก็ ไม่ใช่เรื่องเป็นไปไม่ได้\nถึงขั้นมีแผนพัฒนาที่ดินใหม่ไว้ รอตั้งแต่ยังไม่ปิดด้วยซ้ำ
P1303-0211	พากย์ · speech_list_judge_main_c13	? (ช)		Rumor had it that Minister Kazami had\nactually approved those plans internally.	มีข่าวลือว่ารัฐมนตรีคาซามิ\nอนุมัติแผนพวกนั้นไว้เป็นการ ภายในแล้วด้วย
P1303-0212	พากย์ · speech_list_judge_main_c13	? (ช)	[อีกแทร็ก]	I hear Minister Kazami gave the okay\non those plans personally.	ผมได้ยินมาว่ารัฐมนตรีคาซามิ\nไฟเขียวแผนพวกนั้นด้วยตัวเองเลย ล่ะครับ
P1303-0213	พากย์ · speech_list_judge_main_c13	? (ช)		Speaking of hearsay. Kamurocho's been buzzing with talk\nof this murderer who gouges people's eyes out.	พูดถึงคำเล่าลือ คามุโรโจกำลังโจษจันกันเรื่อง\nฆาตกรที่ควักลูกตาเหยื่ออยู่พอดีครับ
P1303-0214	พากย์ · speech_list_judge_main_c13	? (ช)	[อีกแทร็ก]	Let's talk about hearsay. Kamurocho's been buzzing about\nthis murderer who gouges people's eyes out.	ลองมาคุยเรื่องคำเล่าลือกันดีกว่า คามุโรโจกำลังโจษจันกันเรื่อง\nฆาตกรที่ควักลูกตาเหยื่ออยู่พอดี
P1303-0215	พากย์ · speech_list_judge_main_c13	? (ช)		That killer is an assassin\nI've termed "the Mole."	ฆาตกรคนนั้นคือมือสังหารที่ผม ตั้งชื่อให้ว่า\n"ไอ้ตัวตุ่น"
P1303-0216	พากย์ · speech_list_judge_main_c13	? (ช)		But the truth of it is, those murders are the result of human experiments\nfor AD-9, carried out in a secret lab in the heart of the city.	แต่ความจริงแล้ว คดีฆาตกรรมพวกนั้นเป็นผลจากการทดลอง\nAD-9 ในมนุษย์ ที่ทำกันในแล็บลับใจกลางเมืองนี้เอง
P1303-0217	พากย์ · speech_list_judge_main_c13	? (ช)	[อีกแทร็ก]	In truth, those murders are the result of human\nexperiments for AD-9. Carried out in a secret lab in Kamurocho.	ความจริงแล้ว คดีฆาตกรรมพวกนั้นเป็นผลจาก\nการทดลอง AD-9 ในมนุษย์ ที่ทำกันในแล็บลับในคามุโรโจ
P1303-0218	พากย์ · speech_list_judge_main_c13	? (ช)		Members of the jury. AD-9's development is about\nto enter the clinical trial phase.	ท่านคณะลูกขุนครับ การพัฒนา AD-9\nกำลังจะเข้าสู่ขั้นตอนการทดลอง ทางคลินิกแล้ว
P1303-0219	พากย์ · speech_list_judge_main_c13	? (ช)	[อีกแทร็ก]	AD-9's pretty far along now.\nThey're about to enter the clinical trial phase.	ตอนนี้ AD-9 คืบหน้าไปไกลมากแล้วครับ\nใกล้จะเข้าสู่ขั้นตอนการทดลอง ทางคลินิกแล้ว
P1303-0220	พากย์ · speech_list_judge_main_c13	? (ช)		However, ADDC researchers...	แต่ทว่า นักวิจัยของ ADDC...
P1303-0221	พากย์ · speech_list_judge_main_c13	? (ช)		...Have already carried out clinical trials behind\nclosed doors. Several people have died as a result.	...ได้แอบทำการทดลองทางคลินิก ลับหลังไปแล้ว\nและมีคนตายไปหลายคนจากมัน
P1303-0222	พากย์ · speech_list_judge_main_c13	? (ช)	[อีกแทร็ก]	...have already carried out closed door clinical trials.\nAs a result, several have died.	...แอบทำการทดลองทางคลินิกกัน ลับหลังไปแล้ว\nเป็นผลให้มีคนตายไปหลายคน
P1303-0223	พากย์ · speech_list_judge_main_c13	? (ช)	[ซ้ำในบท x2]	Of course, they tried to keep that a secret...\nBut it eventually found its way out.	แน่นอนว่าพวกเขาพยายามปิดเป็นความลับ...\nแต่สุดท้ายมันก็รั่วไหลออกมาจนได้
P1303-0224	พากย์ · speech_list_judge_main_c13	? (ช)	[อีกแทร็ก]	Of course, that was top secret.\nBut... the truth is starting to leak to outsiders.	แน่นอนว่านั่นคือความลับสุดยอด\nแต่... ความจริงก็เริ่มรั่วไหลออกไปสู่ คนนอกแล้ว
P1303-0225	พากย์ · speech_list_judge_main_c13	? (ช)	[ซ้ำในบท x3]	And I have the evidence to prove it.	และผมมีหลักฐานมายืนยันเรื่องนี้ครับ
P1303-0226	พากย์ · speech_list_judge_main_c13	? (ช)	[อีกแทร็ก]	And I have evidence to prove that.\nRight here, in this courtroom.	และผมมีหลักฐานมายืนยันเรื่องนี้ครับ\nอยู่ที่นี่ ในห้องพิจารณาคดีนี้เอง
P1303-0227	พากย์ · speech_list_judge_main_c13	? (ช)		<color=ｍonologue>(The ADDC's secrets were leaked to an outsider.\nWhat evidence shows that?)</color>	<color=ｍonologue>(ความลับของ ADDC รั่วไหลไปถึงคนนอก\nมีหลักฐานอะไรที่ยืนยันเรื่องนี้ได้?)</color>
P1303-0228	พากย์ · speech_list_judge_main_c13	? (ช)	[อีกแทร็ก] [ซ้ำในบท x2]	The victim in this case, Shintani-sensei,\nwas inching ever closer to the truth.	เหยื่อในคดีนี้ อาจารย์ชินทานิ\nกำลังเข้าใกล้ความจริงเข้าไปทุกที
P1303-0229	พากย์ · speech_list_judge_main_c13	? (ช)	[ใช้ร่วม] [ซ้ำในบท x2]	Take a look at this.	ดูนี่สิ
P1303-0230	พากย์ · speech_list_judge_main_c13	? (ช)	[อีกแทร็ก]	The victim in this case, Shintani-sensei, came across a piece of info\nconnected to the top secret human experiments.	เหยื่อในคดีนี้ อาจารย์ชินทานิ ได้พบข้อมูลชิ้นหนึ่ง\nที่เชื่อมโยงกับ การทดลองในมนุษย์อันเป็นความลับ สุดยอด
P1303-0231	พากย์ · speech_list_judge_main_c13	? (ช)		That's why he called the ADDC.\nIsn't that right, Ichinose-san?	นั่นจึงเป็นเหตุผลที่เขาโทรไปหา ADDC\nใช่ไหมครับ อิจิโนเสะซัง?
P1303-0232	พากย์ · speech_list_judge_main_c13	? (ช)	[อีกแทร็ก]	That's why the ADDC appears in his call history.\nAm I wrong, Ichinose-san?	นั่นจึงเป็นเหตุผลที่ ADDC ปรากฏอยู่ในประวัติการโทรของเขา\nผมพูดผิดหรือครับ อิจิโนเสะซัง?
P1303-0233	พากย์ · speech_list_judge_main_c13	? (ช)		Not long before his death, Shintani-sensei was told a secret by Captain\nHamura of the Matsugane Family. A secret that led him right to the ADDC.	ไม่นานก่อนเสียชีวิต อาจารย์ชินทานิได้รับรู้ความลับ\nจากกัปตันฮามุระแห่งตระกูลมัตสึกาเนะ ความลับที่นำเขาไปสู่ ADDC โดยตรง
P1303-0234	พากย์ · speech_list_judge_main_c13	? (ช)	[อีกแทร็ก]	Shintani-sensei heard a secret, from a yakuza\nnamed Hamura of the Matsugane Family.	อาจารย์ชินทานิได้ยินความลับ มาจากยากูซ่า\nชื่อฮามุระแห่งตระกูลมัตสึกาเนะ
P1303-0235	พากย์ · speech_list_judge_main_c13	? (ช)		<color=ｍonologue>(The secret Shintani heard\nfrom Hamura was...)</color>	<color=ｍonologue>(ความลับที่ชินทานิได้ยินมา\nจากฮามุระคือ...)</color>
P1303-0236	พากย์ · speech_list_judge_main_c13	? (ช)		This secret was that someone from the ADDC was connected\nto the serial murders taking place in Kamurocho.	ความลับนี้คือมีคนจาก ADDC\nพัวพันกับคดีฆาตกรรมต่อเนื่อง ที่เกิดขึ้นในคามุโรโจ
P1303-0237	พากย์ · speech_list_judge_main_c13	? (ช)	[อีกแทร็ก]	What Shintani-sensei heard from Hamura... was that someone at the ADDC\nhad a connection to the serial murders in Kamurocho.	สิ่งที่อาจารย์ชินทานิได้ยินจากฮามุระ... คือมีคนใน ADDC\nพัวพันกับคดีฆาตกรรมต่อเนื่อง ในคามุโรโจ
P1303-0238	พากย์ · speech_list_judge_main_c13	? (ช)		And so, Shintani-sensei called the Center\nand asked specifically for a researcher named Shono.	อาจารย์ชินทานิจึงโทรไปที่ศูนย์\nและขอสายนักวิจัยชื่อโชโนะโดยเฉพาะ
P1303-0239	พากย์ · speech_list_judge_main_c13	? (ช)	[อีกแทร็ก]	And so, Shintani-sensei placed a call to the ADDC,\nand asked for a man named Shono.	อาจารย์ชินทานิจึงโทรไปที่ ADDC\nและขอสายชายที่ชื่อโชโนะ
P1303-0240	พากย์ · speech_list_judge_main_c13	? (ช)		The man spearheading\nthe AD-9 human experiments.	ชายผู้อยู่เบื้องหลังการทดลอง\nAD-9 ในมนุษย์
P1303-0241	พากย์ · speech_list_judge_main_c13	? (ช)	[อีกแทร็ก]	This Shono... is the one leading\nAD-9's human experiments.	โชโนะคนนี้แหละ... คือคนที่นำการทดลอง\nAD-9 ในมนุษย์
P1303-0242	พากย์ · speech_list_judge_main_c13	? (ช)		It was a secret about the death of Hashiki,\nthe former vice director of the ADDC.	มันคือความลับเกี่ยวกับการตาย ของฮาชิกิ\nอดีตรองผู้อำนวยการของ ADDC
P1303-0243	พากย์ · speech_list_judge_main_c13	? (ช)	[อีกแทร็ก]	What Shintani-sensei heard was about the murder\nof Hashiki-san, the vice-director of the ADDC...?	สิ่งที่อาจารย์ชินทานิได้ยินคือ เรื่องการฆาตกรรมฮาชิกิซัง\nรองผู้อำนวยการของ ADDC...?
P1303-0244	พากย์ · speech_list_judge_main_c13	? (ช)		At least, I think it was.	อย่างน้อยผมก็คิดว่างั้นนะ
P1303-0245	พากย์ · speech_list_judge_main_c13	? (ช)	[อีกแทร็ก]	I think it was, at least.	ผมคิดว่างั้นนะ อย่างน้อยก็คิดว่างั้น
P1303-0246	พากย์ · speech_list_judge_main_c13	? (ช)		<color=ｍonologue>(Wait, is that how it went?)</color>	<color=ｍonologue>(เดี๋ยวนะ มันเป็นแบบนั้นจริงเหรอ?)</color>
P1303-0247	พากย์ · speech_list_judge_main_c13	? (ช)		<color=ｍonologue>(I messed up. I have to start from the beginning.)</color>	<color=ｍonologue>(พลาดไปแล้ว ต้องเริ่มใหม่ตั้งแต่ต้น)</color>
P1303-0248	พากย์ · speech_list_judge_main_c13	? (ช)		Apologies.\nIf you'll allow me to start again.	ต้องขออภัยด้วยครับ\nขอเริ่มใหม่อีกครั้งนะครับ
P1303-0249	พากย์ · speech_list_judge_main_c13	? (ช)	[อีกแทร็ก] [ใช้ร่วม]	My apologies. Let me start over.	ต้องขออภัยครับ ขอเริ่มต้นใหม่อีกครั้งนะครับ
P1303-0250	พากย์ · speech_list_judge_main_c13	? (ช)		ADDC researchers were carrying out clinical trials behind closed\ndoors in order to speed up the development of AD-9.	นักวิจัยของ ADDC แอบทำการทดลองทางคลินิกลับหลัง\nเพื่อเร่งการพัฒนา AD-9 ให้เร็วขึ้น
P1303-0251	พากย์ · speech_list_judge_main_c13	? (ช)	[อีกแทร็ก]	The ADDC was carrying out dangerous human experiments\nin order to complete AD-9.	ADDC ทำการทดลองอันตรายในมนุษย์\nเพื่อให้ AD-9 เสร็จสมบูรณ์
P1303-0252	พากย์ · speech_list_judge_main_c13	? (ช)	[อีกแทร็ก]	However, whispers of that secret started to\nleak to outsiders.	แต่ทว่า เสียงกระซิบเรื่องความลับนั้น\nก็เริ่มรั่วไหลออกไปสู่คนนอก
P1303-0253	พากย์ · speech_list_judge_main_c13	? (ช)	[อีกแทร็ก]	And I have evidence to prove that.\nRight here, in this very courtroom.	และผมมีหลักฐานมายืนยันเรื่องนี้ครับ\nอยู่ในห้องพิจารณาคดีแห่งนี้เองครับ
P1303-0254	พากย์ · speech_list_judge_main_c13	? (ช)		This secret was that the data published\nin the AD-9 research had been falsified.	ความลับนี้คือข้อมูลที่เผยแพร่\nในงานวิจัย AD-9 นั้นถูกปลอมแปลง
P1303-0255	พากย์ · speech_list_judge_main_c13	? (ช)	[อีกแทร็ก]	What Shintani-sensei heard from Hamura\nwas that the data for AD-9 was falsified.	สิ่งที่อาจารย์ชินทานิได้ยินจากฮามุระ\nคือข้อมูลของ AD-9 ถูกปลอมแปลง
P1303-0256	พากย์ · speech_list_judge_main_c13	? (ช)		Wait, uh...	เอ่อ เดี๋ยวนะ...
P1303-0257	พากย์ · speech_list_judge_main_c13	? (ช)	[อีกแทร็ก] [ใช้ร่วม]	Huh? What?	ฮะ? อะไร?
P1303-0258	พากย์ · speech_list_judge_main_c13	? (ช)		This secret was about\nCaptain Hamura's own livelihood.	ความลับนี้เกี่ยวกับ\nปากท้องของกัปตันฮามุระเอง
P1303-0259	พากย์ · speech_list_judge_main_c13	? (ช)	[อีกแทร็ก]	What Shintani-sensei heard from Hamura\nwas about his work for the Matsugane Family.	สิ่งที่อาจารย์ชินทานิได้ยินจากฮามุระ\nคือเรื่องงานที่เขาทำให้ ตระกูลมัตสึกาเนะ
P1303-0260	พากย์ · speech_list_judge_main_c13	? (ช)		The truth of it was, the Matsugane Family,\na Tojo Clan subsidiary, was killing people for money.	ความจริงก็คือ ตระกูลมัตสึกาเนะซึ่งเป็นสาขา ของตระกูลโทโจ\nฆ่าคนเพื่อเงิน
P1303-0261	พากย์ · speech_list_judge_main_c13	? (ช)	[อีกแทร็ก]	That the Matsugane Family, a Tojo Clan\nyakuza organization, was killing people for money.	ตระกูลมัตสึกาเนะ องค์กรยากูซ่าสาขาของตระกูลโทโจ\nฆ่าคนเพื่อเงินนั่นเอง
P1303-0262	พากย์ · speech_list_judge_main_c13	? (ช)		This is the bullet found\nin Shintani-sensei's chest.	นี่คือกระสุนที่พบ\nในหน้าอกของอาจารย์ชินทานิครับ
P1303-0263	พากย์ · speech_list_judge_main_c13	? (ช)	[อีกแทร็ก]	This is the bullet that was found\nin Shintani-sensei's body.	นี่คือกระสุนที่พบ\nในร่างของอาจารย์ชินทานิครับ
P1303-0264	พากย์ · speech_list_judge_main_c13	? (ช)		Shintani-sensei was murdered because\nof what he knew about the human experiments.	อาจารย์ชินทานิถูกฆาตกรรมเพราะ สิ่งที่เขารู้\nเกี่ยวกับการทดลองในมนุษย์ครับ
P1303-0265	พากย์ · speech_list_judge_main_c13	? (ช)	[อีกแทร็ก]	Shintani-sensei was murdered because he knew too much.\nHe knew vital information, with the power to reveal the human experiments.	อาจารย์ชินทานิถูกฆาตกรรมเพราะ รู้มากเกินไป\nเขารู้ข้อมูลสำคัญที่เปิดโปง การทดลองในมนุษย์ได้
P1303-0266	พากย์ · speech_list_judge_main_c13	? (ช)		<color=ｍonologue>(That piece of information was...)</color>	<color=ｍonologue>(ข้อมูลชิ้นนั้นคือ...)</color>
P1303-0267	พากย์ · speech_list_judge_main_c13	? (ช)		He knew all about the serial murders\ntaking place in Kamurocho...	เขารู้เรื่องคดีฆาตกรรมต่อเนื่อง\nที่เกิดขึ้นในคามุโรโจทั้งหมด...
P1303-0268	พากย์ · speech_list_judge_main_c13	? (ช)	[อีกแทร็ก]	Shintani-sensei knew about the serial murders\ngoing on in Kamurocho...	อาจารย์ชินทานิรู้เรื่องคดี ฆาตกรรมต่อเนื่อง\nที่เกิดขึ้นในคามุโรโจ...
P1303-0269	พากย์ · speech_list_judge_main_c13	? (ช)		And that someone at the ADDC\nwas deeply involved.	และมีคนที่ ADDC\nเข้าไปพัวพันอย่างลึกซึ้งด้วย
P1303-0270	พากย์ · speech_list_judge_main_c13	? (ช)	[อีกแทร็ก]	...And that someone at the ADDC\nwas involved.	...และมีคนที่ ADDC\nเข้าไปพัวพันด้วย
P1303-0271	พากย์ · speech_list_judge_main_c13	? (ช)		And so, Shintani-sensei\nhad to be silenced.	อาจารย์ชินทานิจึงต้อง\nถูกปิดปาก
P1303-0272	พากย์ · speech_list_judge_main_c13	? (ช)	[อีกแทร็ก]	And when the ADDC found out about that,\nthey silenced Shintani-sensei.	และเมื่อ ADDC รู้เรื่องนี้เข้า\nพวกเขาก็ปิดปากอาจารย์ชินทานิ
P1303-0273	พากย์ · speech_list_judge_main_c13	? (ช)		Oh... right.	อ้อ... จริงด้วยครับ
P1303-0274	พากย์ · speech_list_judge_main_c13	? (กลาง)	[อีกแทร็ก] [ใช้ร่วม] [ต้องกลางเพศ]	Huh? Really?	หืม จริงเหรอ
P1303-0275	พากย์ · speech_list_judge_main_c13	? (ช)		This is a photo of Shintani-sensei's corpse.	นี่คือภาพถ่ายศพของอาจารย์ชินทานิครับ
P1303-0276	พากย์ · speech_list_judge_main_c13	? (ช)		The Mole murdered him to keep the information\nhe knew from getting out.	ไอ้ตัวตุ่นฆ่าเขาเพื่อไม่ให้ข้อมูล\nที่เขารู้หลุดออกไป
P1303-0277	พากย์ · speech_list_judge_main_c13	? (ช)	[อีกแทร็ก]	Shintani-sensei learned some information about the human experiments.\nSo the Mole killed him, and gouged his eyes out.	อาจารย์ชินทานิรู้ข้อมูล บางอย่างเกี่ยวกับ การทดลองในมนุษย์\nไอ้ตัวตุ่นจึงฆ่าเขาแล้วควัก ลูกตาเขาออกมา
P1303-0278	พากย์ · speech_list_judge_main_c13	? (ช)		This is the bullet extracted\nfrom Shintani-sensei's chest.	นี่คือกระสุนที่คว้านออกมา\nจากหน้าอกของอาจารย์ชินทานิครับ
P1303-0279	พากย์ · speech_list_judge_main_c13	? (ช)	[อีกแทร็ก]	This is the bullet that was extracted\nfrom Shintani-sensei's body.	นี่คือกระสุนที่คว้านออกมา\nจากร่างของอาจารย์ชินทานิครับ
P1303-0280	พากย์ · speech_list_judge_main_c13	? (ช)		The rifling marks confirm it was fired\nfrom Detective Ayabe's handgun.	รอยเกลียวลำกล้องยืนยันว่า กระสุนนี้ยิงออกมา\nจากปืนพกของนักสืบอายาเบะครับ
P1303-0281	พากย์ · speech_list_judge_main_c13	? (ช)	[อีกแทร็ก]	Based on the rifling marks, it was indeed fired\nfrom the gun of the defendant, Detective Ayabe.	จากรอยเกลียวลำกล้อง ยืนยันได้ว่ากระสุนนี้ยิงออกมา\nจากปืนของจำเลย นักสืบอายาเบะ จริง ๆ ครับ
P1303-0282	พากย์ · speech_list_judge_main_c13	? (ช)		As for how that connects to Shintani-sensei's\nknowledge of the experiments... Well... Um...	ส่วนเรื่องที่ว่ามันเชื่อมโยง กับสิ่งที่อาจารย์ชินทานิ\nรู้เกี่ยวกับการทดลองยังไง... เอ่อ... นั่นก็...
P1303-0283	พากย์ · speech_list_judge_main_c13	? (ช)	[อีกแทร็ก]	You may well ask: how do the rifling marks connect to\nthe victim's knowledge of human experiments...? Uh... good question.	คุณอาจจะสงสัยว่ารอยเกลียว ลำกล้องเชื่อมโยงกับสิ่งที่ เหยื่อ\nรู้เกี่ยวกับการทดลองในมนุษย์ได้ยังไง...? เอ่อ... คำถามที่ดีมากครับ
P1303-0284	พากย์ · speech_list_judge_main_c13	? (ช)		Consider the research paper on AD-9,\nthe dream drug said to be a cure for dementia.	ลองนึกถึงงานวิจัยเรื่อง AD-9\nยาในฝันที่ว่ากันว่ารักษา ภาวะสมองเสื่อมได้ครับ
P1303-0285	พากย์ · speech_list_judge_main_c13	? (ช)	[อีกแทร็ก]	The announcement of a supposed cure for Alzheimer's...\nThe research paper on AD-9.	การประกาศว่าพบยารักษาโรค อัลไซเมอร์แล้ว...\nนั่นก็คืองานวิจัยเรื่อง AD-9
P1303-0286	พากย์ · speech_list_judge_main_c13	? (ช)		Dr. Kido of the ADDC presented\nthese findings to the world.	ดร.คิโดะแห่ง ADDC เป็นผู้เปิดเผย\nผลการวิจัยนี้ต่อโลกครับ
P1303-0287	พากย์ · speech_list_judge_main_c13	? (ช)	[อีกแทร็ก]	Dr. Kido of the ADDC presented\nthis paper to the world.	ดร.คิโดะแห่ง ADDC เป็นผู้เปิดเผย\nงานวิจัยชิ้นนี้ต่อโลกครับ
P1303-0288	พากย์ · speech_list_judge_main_c13	? (ช)		As for how that connects to Shintani-sensei's knowledge\nof the experiments... Well... It uh...	ส่วนเรื่องที่มันเชื่อมโยงกับ สิ่งที่อาจารย์ชินทานิรู้\nเกี่ยวกับการทดลองยังไง... เอ่อ... มันก็...
P1303-0289	พากย์ · speech_list_judge_main_c13	? (ช)	[อีกแทร็ก]	Perhaps you're wondering, how does this paper connect to\nthe victim's knowledge of human experiments...? Uh... How <font_kind=yakuza_italic>do</font_kind> they?	คุณอาจจะสงสัยว่างานวิจัยชิ้น นี้เชื่อมโยงกับสิ่งที่เหยื่อ\nรู้เกี่ยวกับการทดลองในมนุษย์ได้ยังไง...? เอ่อ... มันเชื่อมโยงกัน<font_kind=yakuza_italic>ยังไง</font_kind>กันแน่?
P1303-0290	พากย์ · speech_list_judge_main_c13	? (ช)	[อีกแทร็ก]	I was, Your Honor. Just making sure you were paying\nattention.	ใช่ครับ ศาลที่เคารพ แค่ต้องการให้แน่ใจว่า\nทุกท่านยังตั้งใจฟังอยู่ครับ
P1303-0291	พากย์ · speech_list_judge_main_c13	? (ช)	[อีกแทร็ก]	I think this is it.	ผมว่าใช่อันนี้แหละ
P1303-0292	พากย์ · speech_list_judge_main_c13	? (ช)	[ใช้ร่วม]	Oh, not at all.	อ๋อ ไม่เลยครับ
P1303-0293	พากย์ · speech_list_judge_main_c13	? (ช)	[อีกแทร็ก]	Here. This piece of evidence is what first led us\nto look into the ADDC.	นี่ครับ หลักฐานชิ้นนี้แหละที่ทำให้เรา\nเริ่มสืบสวน ADDC ตั้งแต่แรก
P1303-0294	พากย์ · speech_list_judge_main_c13	? (ช)	[อีกแทร็ก]	On the day of his death, the victim, Shintani-sensei,\nmade a phone call to someone at the ADDC.	ในวันที่เขาเสียชีวิต เหยื่อ อาจารย์ชินทานิ\nได้โทรศัพท์ไปหาใครบางคนที่ ADDC
P1303-0295	พากย์ · speech_list_judge_main_c13	? (ช)	[อีกแทร็ก]	That someone was a man named Shono.	คนนั้นคือชายที่ชื่อโชโนะ
P1303-0296	พากย์ · speech_list_judge_main_c13	? (ช)	[อีกแทร็ก]	Shono-sensei is the lead researcher on AD-9, and is thought to be\nthe one responsible for the human experiments I mentioned earlier.	อาจารย์โชโนะคือนักวิจัยหลักของ AD-9\nและเชื่อว่าเป็นผู้รับผิดชอบ การทดลองในมนุษย์ที่ผม พูดถึงก่อนหน้านี้
P1303-0297	พากย์ · speech_list_judge_main_c13	? (ช)		Ichinose-san. I'm not finished\nwith my line of questioning.	อิจิโนเสะซัง ผมยังถามคำถาม\nไม่จบนะครับ
P1303-0298	พากย์ · speech_list_judge_main_c13	? (ช)	[อีกแทร็ก]	Witness... I'm not finished with\nmy line of questioning.	พยาน... ผมยังถามคำถามไม่จบ\nนะครับ
P1303-0299	พากย์ · speech_list_judge_main_c13	? (ช)		Actually, it's more of a confirmation\nthan a question.	ที่จริงมันเป็นการยืนยัน\nมากกว่าคำถามน่ะครับ
P1303-0300	พากย์ · speech_list_judge_main_c13	? (ช)	[อีกแทร็ก]	Well, it's more of a confirmation\nthan a question.	เอาเป็นว่ามันเป็นการยืนยัน\nมากกว่าคำถามก็แล้วกันครับ
P1303-0301	พากย์ · speech_list_judge_main_c13	? (ช)		<color=ｍonologue>(Time to go for the kill.)</color>	<color=ｍonologue>(ได้เวลาเก็บให้จบแล้ว)</color>
P1303-0302	พากย์ · speech_list_judge_main_c13	? (ช)		Do you know who Shinpei Okubo is?	คุณรู้จักชินเป โอคุโบะไหมครับ?
P1303-0303	พากย์ · speech_list_judge_main_c13	? (ช)		I set him free, yes.\nBut he's not a murderer.	ผมปล่อยตัวเขาไปจริง\nแต่เขาไม่ใช่ฆาตกร
P1303-0304	พากย์ · speech_list_judge_main_c13	? (ช)	[อีกแทร็ก]	No... He's no murderer.	ไม่... เขาไม่ใช่ฆาตกรครับ
P1303-0305	พากย์ · speech_list_judge_main_c13	? (ช)		The one who actually killed\nWaku-san and Emi Terasawa...	คนที่ฆ่าวาคุซังกับเอมิ เทราซาวะ\nตัวจริงน่ะ...
P1303-0306	พากย์ · speech_list_judge_main_c13	? (ช)	[อีกแทร็ก]	Three years ago, the one who actually killed\nWaku-san and Emi Terasawa...	เมื่อสามปีก่อน คนที่ฆ่าวาคุซัง\nกับเอมิ เทราซาวะตัวจริงน่ะ...
P1303-0307	พากย์ · speech_list_judge_main_c13	? (ช)		...Was the same Shono\nI mentioned earlier.	...คือโชโนะคนเดียวกัน\nกับที่ผมพูดถึงก่อนหน้านี้แหละครับ
P1303-0308	พากย์ · speech_list_judge_main_c13	? (ช)		Don't act like you don't already know all of this.\nYou're just not coming clean.	อย่าทำเป็นไม่รู้เรื่องพวกนี้เลยครับ\nคุณแค่ไม่ยอมพูดความจริงต่างหาก
P1303-0309	พากย์ · speech_list_judge_main_c13	? (ช)	[อีกแทร็ก]	Don't act like you don't already know all this.\nYou're just stalling.	อย่าทำเป็นไม่รู้เรื่องพวกนี้เลยครับ\nคุณแค่ถ่วงเวลาอยู่ต่างหาก
P1303-0310	พากย์ · speech_list_judge_main_c13	? (ช)		Even though Okubo-kun's sitting on death row,\nwaiting for the day they decide it's his turn.	ทั้งที่โอคุโบะคุงยังนั่งอยู่ใน แดนประหาร\nรอวันที่พวกเขาจะเรียกชื่อเขา อยู่เลยนะครับ
P1303-0311	พากย์ · speech_list_judge_main_c13	? (ช)	[อีกแทร็ก]	Okubo-kun's an innocent man on death row,\nwaiting to die.	โอคุโบะคุงเป็นผู้บริสุทธิ์ที่ ติดอยู่ในแดนประหาร\nรอวันตายอยู่นะครับ
P1303-0312	พากย์ · speech_list_judge_main_c13	? (ช)		You and Shono hired\nthe Mole to murder for you!	คุณกับโชโนะจ้างไอ้ตัวตุ่น\nให้ฆ่าคนแทนคุณ!
P1303-0313	พากย์ · speech_list_judge_main_c13	? (ช)	[อีกแทร็ก]	You lied, murdered, and conspired for\nyour human experiments!	คุณโกหก ฆ่าคน และวางแผนสมรู้ร่วมคิด\nเพื่อการทดลองในมนุษย์ของคุณ!
P1303-0314	พากย์ · speech_list_judge_main_c13	? (ช)		That was the only way you'd have "patients"\nfor your underground human experiments.	นั่นเป็นวิธีเดียวที่คุณจะได้ "คนไข้"\nมาใช้ในการทดลองใต้ดินของคุณ
P1303-0315	พากย์ · speech_list_judge_main_c13	? (ช)	[อีกแทร็ก]	And because you thought you could... you and Shono\nhired the Mole to kidnap your victims.	และเพราะคุณคิดว่าทำได้... คุณกับโชโนะ\nจึงจ้างไอ้ตัวตุ่นให้ลักพาตัว เหยื่อของคุณ
P1303-0316	พากย์ · speech_list_judge_main_c13	? (ช)		And all to protect the interests of AD-9.	ทั้งหมดก็เพื่อปกป้องผลประโยชน์ของ AD-9
P1303-0317	พากย์ · speech_list_judge_main_c13	? (ช)	[อีกแทร็ก]	All to protect the interests of AD-9.	ทั้งหมดเพื่อปกป้องผลประโยชน์ของ AD-9 เท่านั้น
P1303-0318	พากย์ · speech_list_judge_main_c13	? (ช)	[ใช้ร่วม]	If you say so.	ถ้าว่าอย่างนั้นก็ได้
P1303-0319	พากย์ · speech_list_judge_main_c13	? (ช)		Just the other day...\nSomeone reached out to me over in Kamurocho.	เมื่อไม่กี่วันก่อนนี้เอง...\nมีคนติดต่อผมมาที่คามุโรโจครับ
P1303-0320	พากย์ · speech_list_judge_main_c13	? (ช)	[อีกแทร็ก]	Just the other day... someone reached out to me\nover in Kamurocho.	เมื่อไม่กี่วันก่อนนี้เอง... มีคนติดต่อผมมา\nที่คามุโรโจครับ
P1303-0321	พากย์ · speech_list_judge_main_c13	? (ช)		They wanted to entrust me with\na crucial piece of information.	พวกเขาอยากฝากข้อมูลสำคัญชิ้นหนึ่ง\nไว้กับผม
P1303-0322	พากย์ · speech_list_judge_main_c13	? (ช)	[อีกแทร็ก]	They entrusted me with something...\na crucial piece of information.	พวกเขาฝากบางอย่างไว้กับผม...\nข้อมูลสำคัญชิ้นหนึ่ง
P1303-0323	พากย์ · speech_list_judge_main_c13	Hamura (ช)		Well, uh... yeah I might've\nsaid something. But it's fine.	เอ่อ... ก็อาจจะพูดอะไรไปบ้าง\nแต่ไม่มีปัญหาหรอกน่า
P1303-0324	พากย์ · speech_list_judge_main_c13	Hamura (ช)	[อีกแทร็ก]	Well, uh... I might've said something.\nBut Shintani's no threat.	เอ่อ... อาจจะพูดอะไรไปบ้าง\nแต่ชินทานิไม่ใช่ภัยอะไรหรอกน่า
P1303-0325	พากย์ · speech_list_judge_main_c13	? (ช)		Shintani'll keep quiet if I tell him to.	แค่บอกให้ชินทานิเงียบ มันก็เงียบเองแหละ
P1303-0326	พากย์ · speech_list_judge_main_c13	? (ช)	[อีกแทร็ก]	He'll keep quiet if I tell him to.	บอกให้เงียบ มันก็เงียบเองแหละ
P1303-0327	พากย์ · speech_list_judge_main_c13	? (ช)		It'll cost you another hundred mil.	งั้นก็ต้องเพิ่มเงินอีกร้อยล้านนะ
P1303-0328	พากย์ · speech_list_judge_main_c13	Ichinose (ช)		Did you tell someone about Shono?	คุณไปบอกใครเรื่องโชโนะหรือเปล่า?
P1303-0329	พากย์ · speech_list_judge_main_c13	? (ช)		That lawyer, Shintani.\nWord has it he just called the ADDC.	ทนายคนนั้น ชินทานิ\nมีข่าวว่าเพิ่งโทรไปหา ADDC
P1303-0330	พากย์ · speech_list_judge_main_c13	? (ช)	[อีกแทร็ก]	That lawyer, Shintani. Word has it\nhe just called the ADDC.	ทนายคนนั้น ชินทานิ มีข่าวว่า\nเพิ่งโทรไปหา ADDC
P1303-0331	พากย์ · speech_list_judge_main_c13	? (ช)		How can you be so naive!?\nThis is unacceptable!	คุณจะไร้เดียงสาได้ขนาดนี้เลยหรือ!?\nนี่มันยอมรับไม่ได้เลยนะ!
P1303-0332	พากย์ · speech_list_judge_main_c13	? (ช)		You must deal with this, Hamura-san.\nImmediately.	คุณต้องจัดการเรื่องนี้ ฮามุระซัง\nเดี๋ยวนี้
P1303-0333	พากย์ · speech_list_judge_main_c13	? (ช)	[อีกแทร็ก]	This is your mess to clean up.	นี่คือเรื่องที่คุณต้องเก็บกวาดเอง
P1303-0334	พากย์ · speech_list_judge_main_c13	? (ช)		Do what needs to be done.\nHave Kuroiwa-san handle the dirty details.	ทำในสิ่งที่ต้องทำซะ\nให้คุโรอิวะซังจัดการเรื่องสกปรกให้
P1303-0335	พากย์ · speech_list_judge_main_c13	? (ช)	[อีกแทร็ก]	Hamura-san. Do what needs to be done.\nHave Kuroiwa-san handle the dirty details.	ฮามุระซัง ทำในสิ่งที่ต้องทำซะ\nให้คุโรอิวะซังจัดการเรื่องสกปรกให้
P1303-0336	พากย์ · speech_list_judge_main_c13	? (ช)		This mistake was yours and yours alone.\nDon't anger me further.	ความผิดพลาดนี้เป็นของคุณ คนเดียวเท่านั้น\nอย่าทำให้ผมโมโหไปกว่านี้
P1303-0337	พากย์ · speech_list_judge_main_c13	? (ช)	[อีกแทร็ก]	This mistake was <font_kind=yakuza_italic>yours</font_kind> and yours alone.\nFix it, and don't anger me further.	ความผิดพลาดนี้เป็นของ<font_kind=yakuza_italic>คุณ</font_kind> คนเดียวเท่านั้น\nแก้ไขซะ แล้วอย่าทำให้ผมโมโหไปกว่านี้
P1303-0338	พากย์ · speech_list_judge_main_c13	Yagami (ช)		Your Honor.\nI offer the data I received into evidence.	ศาลที่เคารพครับ\nผมขอนำข้อมูลที่ได้รับมายื่น เป็นหลักฐาน
P1303-0339	พากย์ · speech_list_judge_main_c13	Yagami (ช)	[อีกแทร็ก]	Your Honor. I offer the data\nI received into evidence.	ศาลที่เคารพครับ ผมขอนำข้อมูล\nที่ได้รับมายื่นเป็นหลักฐาน
P1303-0340	พากย์ · speech_list_judge_main_c13	? (ช)		Take a listen to this.	ลองฟังอันนี้ดูสิครับ
P1303-0341	พากย์ · speech_list_judge_main_c13	? (ช)		<color=ｍonologue>(Wait, was this it?)</color>	<color=ｍonologue>(เดี๋ยวนะ ใช่อันนี้จริงเหรอ?)</color>
P1303-0342	พากย์ · speech_list_judge_main_c13	Mafuyu (ญ)		Not yet. We're having trouble\ngetting in touch with him.	ยังเลยค่ะ ตอนนี้ติดต่อ\nเขาไม่ได้เลย
P1303-0343	พากย์ · speech_list_judge_main_c13	Mafuyu (ญ)	[อีกแทร็ก]	Don't know yet.\nI can't reach him...	ยังไม่รู้เลยค่ะ\nติดต่อเขาไม่ได้เลย...
P1303-0344	พากย์ · speech_list_judge_main_c13	? (ญ)		Oh, and... I'm not sure if this is related,\nbut there's been a shooting in Theater Square.	อ้อ แล้วก็... ไม่แน่ใจว่าเกี่ยวกันไหม\nแต่มีเหตุยิงกันที่เธียเตอร์สแควร์ค่ะ
P1303-0345	พากย์ · speech_list_judge_main_c13	? (ญ)		I wonder if Kuroiwa is involved somehow...	ไม่รู้ว่าคุโรอิวะจะเกี่ยวข้อง ด้วยหรือเปล่า...
P1303-0346	พากย์ · speech_list_judge_main_c13	? (ญ)	[อีกแทร็ก]	Yes. I wonder if Kuroiwa\nis involved somehow...	ใช่ค่ะ ไม่รู้ว่าคุโรอิวะ\nจะเกี่ยวข้องด้วยหรือเปล่า...
P1303-0347	พากย์ · speech_list_judge_main_c13	Yagami (ช)		It's Yagami. I'm almost back in the city.\nAny idea where Kuroiwa is?	ยากามิเองครับ ผมใกล้จะถึงตัวเมืองแล้ว\nรู้ไหมว่าคุโรอิวะอยู่ที่ไหน?
P1303-0348	พากย์ · speech_list_judge_main_c13	Yagami (ช)	[อีกแทร็ก]	It's me. I'm almost back in Kamurocho.\nMafuyu... any idea where Kuroiwa is?	ผมเอง ใกล้จะถึงคามุโรโจแล้ว\nมาฟุยุ... รู้ไหมว่าคุโรอิวะอยู่ที่ไหน?
P1303-0349	พากย์ · speech_list_judge_main_c13	Sugiura (ช)		I dunno how long I can keep doing this...\nBut we can't stop. Not now.	ผมก็ไม่รู้เหมือนกันว่าจะไหวไป ได้อีกนานแค่ไหน...\nแต่ตอนนี้หยุดไม่ได้หรอกครับ
P1303-0350	พากย์ · speech_list_judge_main_c13	Sugiura (ช)	[อีกแทร็ก]	I dunno how long I can keep doing this...\nBut we can't stop now.	ผมก็ไม่รู้เหมือนกันว่าจะไหวไป ได้อีกนานแค่ไหน...\nแต่ตอนนี้หยุดไม่ได้แล้วล่ะครับ
P1303-0351	พากย์ · speech_list_judge_main_c13	? (ช)		Yagami-san! What's wrong!?	ยากามิซัง! เป็นอะไรไปครับ!?
P1303-0352	พากย์ · speech_list_judge_main_c13	? (ช)	[อีกแทร็ก]	Whoa... you okay?	เฮ้ย... ไม่เป็นไรใช่ไหมครับ?
P1303-0353	พากย์ · speech_list_judge_main_c13	? (ช)	[ใช้ร่วม]	No surprise there.	ไม่แปลกใจเลยสักนิด
P1303-0354	พากย์ · speech_list_judge_main_c13	? (ช)		Are you okay, Yagami-san?\nYou're, uh... You're kinda bleeding a lot.	ไม่เป็นไรใช่ไหมครับ ยากามิซัง?\nคุณ เอ่อ... เลือดออกเยอะเลยนะครับนั่น
P1303-0355	พากย์ · speech_list_judge_main_c13	? (ช)	[อีกแทร็ก]	Are you okay, Yagami-san?\nYou're, uh... kinda bleeding a lot.	ไม่เป็นไรใช่ไหมครับ ยากามิซัง?\nคุณ เอ่อ... เลือดออกเยอะเลยนะครับ
P1303-0356	พากย์ · speech_list_judge_main_c13	? (ช)		Heh, maybe you're better than you look.\nC'mon, let's go.	ฮึ อาจจะแข็งแกร่งกว่าที่เห็นก็ได้นะครับ\nไปกันเถอะ
P1303-0357	พากย์ · speech_list_judge_main_c13	? (ช)		Just... a little dizzy...	แค่... เวียนหัวนิดหน่อยน่ะ...
P1303-0358	พากย์ · speech_list_judge_main_c13	? (ช)	[อีกแทร็ก]	I'm just... a little dizzy...	ผมแค่... เวียนหัวนิดหน่อยน่ะ...
P1303-0359	พากย์ · speech_list_judge_main_c13	? (ช)		Dunno. I'm not seeing the light at the end\nof the tunnel just yet, though.	ไม่รู้สิ แต่ผมยังไม่เห็นแสงสว่าง\nที่ปลายอุโมงค์หรอกนะ
P1303-0360	พากย์ · speech_list_judge_main_c13	? (ช)	[อีกแทร็ก]	Dunno...\nBut I'm not going into the light yet.	ไม่รู้สิ...\nแต่ผมยังไม่ไปสู่แสงสว่างหรอกนะ
P1303-0361	พากย์ · speech_list_judge_main_c13	? (ญ)		Please, Yagami-san.\nYou need to help Okubo-kun.	ได้โปรดเถอะค่ะ ยากามิซัง\nคุณต้องช่วยโอคุโบะคุงด้วยนะคะ
P1303-0362	พากย์ · speech_list_judge_main_c13	? (ญ)	[อีกแทร็ก]	You need to help Okubo-kun, Yagami-san.	คุณต้องช่วยโอคุโบะคุงด้วยนะคะ ยากามิซัง
P1303-0363	พากย์ · speech_list_judge_main_c13	? (ญ)		...And my brother, too.\nHe's stubborn, but he means well.	...แล้วก็น้องชายของดิฉันด้วยค่ะ\nเขาดื้อไปหน่อย แต่ก็เป็นเด็กที่ใจดีนะคะ
P1303-0364	พากย์ · speech_list_judge_main_c13	? (ญ)	[อีกแทร็ก]	And... my brother, too.\nHe's stubborn, but he means well.	แล้วก็...น้องชายของดิฉันด้วยค่ะ\nเขาดื้อไปหน่อย แต่ก็เป็นเด็กที่ใจดีนะคะ
P1303-0365	พากย์ · speech_list_judge_main_c13	Emi (ญ)	[ใช้ร่วม]	But you're still going to push an innocent plea?\nEven though Okubo-san is the one who'll suffer for it?	แต่คุณก็ยังจะยืนยันสู้คดีว่า เขาบริสุทธิ์อยู่ดี?\nทั้งที่คนที่ต้องรับผลคือโอคุโบะซัง?
P1303-0366	พากย์ · speech_list_judge_main_c13	Emi (ญ)	[อีกแทร็ก]	But you're still going to plead innocent, yes?\nEven though Okubo-san is the one who'll suffer for it?	แต่คุณก็ยังจะยืนกรานให้การว่า บริสุทธิ์อยู่ดีใช่ไหมคะ?\nทั้งที่คุณโอคุโบะเองต่างหากที่ ต้องรับเคราะห์?
P1303-0367	พากย์ · speech_list_judge_main_c13	? (กลาง)	[ใช้ร่วม] [ต้องกลางเพศ]	Is that so?	งั้นเหรอ?
P1303-0368	พากย์ · speech_list_judge_main_c13	? (ญ)	[อีกแทร็ก]	O-Oh, really?	อ-อ๋อ จริงเหรอคะ?
P1303-0369	พากย์ · speech_list_judge_main_c13	Ookubo (ช)		Wh-What the...!?	อ-อะไรกัน...!?
P1303-0370	พากย์ · speech_list_judge_main_c13	Ookubo (ช)	[อีกแทร็ก]	G-Gah! What the...!?	อ-อ๊าก! อะไรกัน...!?
P1303-0371	พากย์ · speech_list_judge_main_c13	? (ช)		Why is there a body in here...?	ทำไมมีศพอยู่ในนี้...?
P1303-0372	พากย์ · speech_list_judge_main_c13	? (ช)	[อีกแทร็ก]	A... body...? Why is it here...?	ศ-ศพเหรอ...? ทำไมถึงอยู่ตรงนี้...?
P1303-0373	พากย์ · speech_list_judge_main_c13	? (ช)		This can't be happening...	เรื่องแบบนี้มันเกิดขึ้นจริงไม่ได้...
P1303-0374	พากย์ · speech_list_judge_main_c13	? (ช)	[อีกแทร็ก]	This... can't be happening...	นี่มัน...มันเกิดขึ้นจริงไม่ได้...
P1303-0375	พากย์ · speech_list_judge_main_c13	? (ช)		Is this some kinda sick joke?\nWho would do something like this...?	นี่มันเรื่องตลกร้ายอะไรกันวะ?\nใครกันจะทำเรื่องแบบนี้...?
P1303-0376	พากย์ · speech_list_judge_main_c13	? (ช)		The cops'll definitely think I did it...\nNobody's gonna believe me!	ตำรวจต้องคิดว่าผมเป็นคนทำแน่ๆ...\nไม่มีใครเชื่อผมหรอก!
P1303-0377	พากย์ · speech_list_judge_main_c13	? (ช)	[อีกแทร็ก]	The cops'll think I did this for sure...\nNobody's gonna believe me!	ตำรวจต้องคิดว่าผมเป็นคนทำแน่ๆ...\nไม่มีใครยอมเชื่อผมหรอก!
P1303-0378	พากย์ · speech_list_judge_main_c13	Shintani (ช)	[ใช้ร่วม]	Hey, Yagami. You're never gonna last\nif you keep taking cases like this.	เฮ้ ยากามิ แกจะไปรอดยังไง\nถ้ายังรับคดีแบบนี้ไปเรื่อยๆ
P1303-0379	พากย์ · speech_list_judge_main_c13	? (ช)		Criminal suits are a constant test\nof your conviction. Your sense of justice.	คดีอาญาคือบททดสอบความเชื่อมั่น\nและสำนึกแห่งความยุติธรรมในตัว คุณอยู่เสมอ
P1303-0380	พากย์ · speech_list_judge_main_c13	? (ช)	[อีกแทร็ก] [ใช้ร่วม]	Criminal suits are a constant test of your conviction.\nYour sense of justice.	คดีอาญามันคือบททดสอบ ความเชื่อมั่นของแกตลอดเวลา\nสำนึกยุติธรรมของแกน่ะ
P1303-0381	พากย์ · speech_list_judge_main_c13	? (ช)	[ใช้ร่วม]	They don't even pay that well.	แถมค่าจ้างก็ไม่ได้ดีอะไรด้วยซ้ำ
P1303-0382	พากย์ · speech_list_judge_main_c13	? (ช)	[ใช้ร่วม]	Look, just chill out, okay?	โอ๊ย ใจเย็นๆ หน่อยน่า โอเคไหม?
P1303-0383	พากย์ · speech_list_judge_main_c13	? (ช)	[อีกแทร็ก] [ใช้ร่วม]	Take it from me.	เชื่อฉันเถอะ
P1303-0384	พากย์ · speech_list_judge_main_c13	? (ช)	[ใช้ร่วม]	Take it from me. I've been around\nthe block way longer than you have.	เชื่อฉันเถอะ ฉันผ่านโลกมาเยอะกว่าแก\nเยอะเลยนะ
P1303-0385	พากย์ · speech_list_judge_main_c13	? (ช)	[อีกแทร็ก] [ใช้ร่วม]	I've been around the block\nway longer than you have.	ฉันผ่านโลกมาเยอะกว่าแก\nเยอะเลยนะ
P1303-0386	พากย์ · speech_list_judge_main_c13	Sugiura (ช)		You're, uh...\nnot looking so hot, man.	ยากามิซัง เอ่อ...\nดูท่าทางไม่ค่อยดีเลยนะครับ
P1303-0387	พากย์ · speech_list_judge_main_c13	? (ช)		This is the right floor, yeah?\nThe skyway'll take us to the research wing.	ชั้นนี้ถูกแล้วใช่ไหม?\nทางเดินลอยฟ้าจะพาเราไปที่ปีกวิจัยได้
P1303-0388	พากย์ · speech_list_judge_main_c13	? (ช)	[อีกแทร็ก] [ใช้ร่วม]	Yagami-san?	ยากามิซัง?
P1303-0389	พากย์ · speech_list_judge_main_c13	? (ช)		Just now, I...\nI heard Emi talking to me.	เมื่อกี้ผม...\nได้ยินเสียงเอมิพูดกับผมครับ
P1303-0390	พากย์ · speech_list_judge_main_c13	? (ช)		It felt too real to just be my imagination.\nDid you notice anything?	มันสมจริงเกินกว่าจะเป็นแค่ จินตนาการของผม\nคุณสังเกตเห็นอะไรบ้างไหมครับ?
P1303-0391	พากย์ · speech_list_judge_main_c13	? (ช)		Right. ...Huh. Whatever that fog over you was,\nit looks like it's cleared.	ครับ... เอ๊ะ ไม่ว่าหมอกที่คลุมคุณอยู่จะเป็น อะไรก็ตาม\nดูเหมือนมันจะจางไปแล้วนะครับ
P1303-0392	พากย์ · speech_list_judge_main_c13	? (ช)	[อีกแทร็ก]	Right.\nYou feeling better then?	ครับ\nรู้สึกดีขึ้นแล้วใช่ไหมครับ?
P1303-0393	พากย์ · speech_list_judge_main_c13	? (ช)		Use the keycard.\nY'know, the gold one.	ใช้คีย์การ์ดสิ\nอันสีทองน่ะ
P1303-0394	พากย์ · speech_list_judge_main_c13	? (ช)		I can tell you all about it later.\nWe've got work to do.	เดี๋ยวผมค่อยเล่าให้ฟังทีหลังนะ\nตอนนี้เรามีงานต้องทำก่อน
P1303-0395	พากย์ · speech_list_judge_main_c13	? (ช)	[อีกแทร็ก]	Yeah, but... Let's save that for now.\nWe've got work to do.	ครับ แต่...\nไว้ค่อยว่ากันทีหลังนะ ตอนนี้เรามีงานต้องทำก่อน
P1303-0396	พากย์ · speech_list_judge_main_c13	? (ช)		It's time we stop Kuroiwa\nonce and for all.	ได้เวลาที่เราจะหยุดคุโรอิวะ\nให้เด็ดขาดสักที
P1303-0397	พากย์ · speech_list_judge_main_c13	? (ช)	[อีกแทร็ก]	Come on.\nWe're going to stop Kuroiwa.	ไปกันเถอะ\nเราจะไปหยุดคุโรอิวะกัน
P1303-0398	พากย์ · speech_list_judge_main_c13	? (ช)	[ใช้ร่วม]	If he's really not guilty,\nhe won't have to. I'll win.	ถ้าเขาบริสุทธิ์จริง\nเขาก็ไม่ต้องรับผลอะไรทั้งนั้น ผมจะชนะให้ได้
P1303-0399	พากย์ · speech_list_judge_main_c13	? (ช)	[อีกแทร็ก] [ใช้ร่วม]	If he's really innocent, he won't suffer.\nI'll win.	ถ้าเขาบริสุทธิ์จริง เขาก็ไม่ต้องเจ็บปวดอะไร\nผมจะชนะให้ได้
P1303-0400	พากย์ · speech_list_judge_main_c13	? (ช)	[ใช้ร่วม]	But to be perfectly honest,\nthis is my first criminal case.	แต่พูดตรงๆ นะครับ\nนี่คือคดีอาญาคดีแรกของผมเลย
P1303-0401	พากย์ · speech_list_judge_main_c13	? (ช)	[อีกแทร็ก] [ใช้ร่วม]	If I'm being honest, though...\nThis is my first criminal case.	ถ้าให้พูดตรงๆ นะครับ...\nนี่คือคดีอาญาคดีแรกของผมเลย
P1303-0402	พากย์ · speech_list_judge_main_c13	? (ช)	[ใช้ร่วม]	Civil cases have been a mixed bag for me, too.\nI've actually lost more than I've won.	คดีแพ่งของผมเองก็ครึ่งๆ กลางๆ นะครับ\nแพ้มากกว่าชนะเสียด้วยซ้ำ
P1303-0403	พากย์ · speech_list_judge_main_c13	? (ช)		Apparently a "smart" lawyer would never even consider\nan innocent plea in this case.	ได้ยินมาว่าทนายที่ "ฉลาด" คงไม่มีทางคิดสู้คดีนี้\nด้วยการให้การว่าบริสุทธิ์หรอกครับ
P1303-0404	พากย์ · speech_list_judge_main_c13	? (ช)	[อีกแทร็ก] [ใช้ร่วม]	For this case... I've been told a "smart" lawyer\nwouldn't even think of pleading innocent.	สำหรับคดีนี้... มีคนบอกผมว่าทนาย "ที่ฉลาด"\nจะไม่มีวันคิดสู้คดีแบบยืนยัน ความบริสุทธิ์ด้วยซ้ำ
P1303-0405	พากย์ · speech_list_judge_main_c13	? (ช)	[ใช้ร่วม]	Guess it's a good thing that I'm not so smart, then...\nBecause I honestly believe I can win.	งั้นก็ดีแล้วที่ผมไม่ได้ฉลาดขนาดนั้น...\nเพราะผมเชื่อจริงๆ ว่าผมชนะได้
P1303-0406	พากย์ · speech_list_judge_main_c13	? (ช)	[อีกแทร็ก]	Guess it's a good thing that I'm not so smart, then...\nbecause I honestly believe I can win.	งั้นก็คงเป็นเรื่องดีที่ผม ไม่ค่อยฉลาดสินะครับ...\nเพราะผมเชื่อจริงๆ ว่าผมชนะคดีนี้ได้
P1303-0407	พากย์ · speech_list_judge_main_c13	dact_sp13_center_f_answers (ญ)		Security system activated.	ระบบรักษาความปลอดภัยเริ่มทำงาน
P1303-0408	พากย์ · speech_list_judge_main_c13	dact_sp13_center_f_answers (ญ)	[อีกแทร็ก]	An emergency situation has occurred.\nActivating security system.	เกิดสถานการณ์ฉุกเฉินขึ้น\nกำลังเปิดใช้งานระบบรักษาความปลอดภัย
P1303-0409	พากย์ · speech_list_judge_main_c13	? (?)		Three minutes to full lockdown. 	อีกสามนาทีจะล็อกดาวน์เต็มรูปแบบ 
P1303-0410	พากย์ · speech_list_judge_main_c13	? (ญ)	[อีกแทร็ก]	Security measures are now activating.\nThree minutes until total gate lockdown.	มาตรการรักษาความปลอดภัยกำลัง เริ่มทำงาน\nอีกสามนาทีประตูจะล็อกดาวน์ทั้งหมด
P1303-0411	พากย์ · speech_list_judge_main_c13	? (ญ)		Two minutes to full lockdown.	อีกสองนาทีจะล็อกดาวน์เต็มรูปแบบ
P1303-0412	พากย์ · speech_list_judge_main_c13	? (ญ)	[อีกแทร็ก]	Security activation in progress.\nTwo minutes until gate lockdown.	กำลังเปิดใช้งานระบบรักษาความปลอดภัย\nอีกสองนาทีประตูจะล็อกดาวน์
P1303-0413	พากย์ · speech_list_judge_main_c13	? (ญ)		One minute to full lockdown.	อีกหนึ่งนาทีจะล็อกดาวน์เต็มรูปแบบ
P1303-0414	พากย์ · speech_list_judge_main_c13	? (ญ)	[อีกแทร็ก]	Security activation in progress.\nOne minute until gate lockdown.	กำลังเปิดใช้งานระบบรักษาความปลอดภัย\nอีกหนึ่งนาทีประตูจะล็อกดาวน์
P1303-0415	พากย์ · speech_list_judge_main_c13	? (ญ)		Lockdown engaged.	ล็อกดาวน์เรียบร้อยแล้ว
P1303-0416	พากย์ · speech_list_judge_main_c13	? (ญ)	[อีกแทร็ก]	Locking gate.	กำลังล็อกประตู
P1303-0417	บทพูดเดิน · judge_main_c13	Yagami (ช)		(It's a police baton.\nI don't think I could get the gate down with this.)	(นี่คือกระบองตำรวจ\nผมว่าคงงัดประตูให้เปิดด้วยของ นี่ไม่ได้หรอก)
P1303-0418	บทพูดเดิน · judge_main_c13	Yagami (ช)		(There's nothing...)	(ไม่มีอะไรเลย...)
P1303-0419	บทพูดเดิน · judge_main_c13	Yagami (ช)		(The cervical spine is broken.\nDeath had to have been instant.)	(กระดูกคอหักสะบั้น\nต้องตายในทันทีแน่ๆ)
P1303-0420	บทพูดเดิน · judge_main_c13	Yagami (ช)		(Something's shining.)	(มีอะไรบางอย่างส่องแสงอยู่)
P1303-0421	บทพูดเดิน · judge_main_c13	Yagami (ช)		(A gold keycard! This is it!\nThis'll open the gate to the research wing!)	(คีย์การ์ดสีทอง! ใช่เลย!\nอันนี้แหละจะเปิดประตูไปยังปีก วิจัยได้!)
P1303-0422	บทพูดเดิน · judge_main_c13	Yagami (ช)		(I shouldn't be wasting time.\nI have to secure Kuroiwa quickly...!)	(ไม่ควรเสียเวลาแล้ว\nต้องรีบไปช่วยคุโรอิวะให้ ปลอดภัยโดยเร็ว...!)
P1303-0423	ตัวเลือก · M13_00300_select_01	Yagami (ตัวเลือก) (ช)	[ใช้ร่วม]	Quit	ออก
P1303-0424	ตัวเลือก · M13_00300_select_01	Yagami (ตัวเลือก) (ช)	[ซ้ำในบท x3]	All right, let's go.	โอเค ไปกันเถอะ
P1303-0425	ตัวเลือก · M13_01200_select_01	Yagami (ตัวเลือก) (ช)		To tell her to obey Morita.	เพื่อบอกให้เธอทำตามคำสั่งของโมริตะ
P1303-0426	ตัวเลือก · M13_01410_select_01	Yagami (ตัวเลือก) (ช)	[ซ้ำในบท x3]	I'll check that out later.	เดี๋ยวผมไปตรวจดูทีหลัง
P1303-0427	ตัวเลือก · M13_01470_select_01	Yagami (ตัวเลือก) (ช)		Sure. I'll go see him.	ได้ ผมจะไปหาเขา
P1303-0428	ตัวเลือก · M13_02200_select_01	Yagami (ตัวเลือก) (ช)		How can we get you to cooperate?	ต้องทำยังไงคุณถึงจะยอมให้ความร่วมมือ?
P1303-0429	ตัวเลือก · M13_02200_select_01	Yagami (ตัวเลือก) (ช)		Have you talked to Ichinose at all?	คุณเคยคุยกับอิจิโนเสะบ้างไหม?
P1303-0430	ตัวเลือก · M13_02200_select_01	Yagami (ตัวเลือก) (ช)		You don't have anyone to rely on, huh?	ไม่มีใครให้พึ่งพาเลยสินะ?
P1303-0431	ตัวเลือก · M13_02500_select_01	Yagami (ตัวเลือก) (ช)		Let's have fun in Kamurocho together.	ไปสนุกด้วยกันในคามุโรโจกันเถอะ
P1303-0432	ตัวเลือก · M13_02500_select_01	Yagami (ตัวเลือก) (ช)		Let's hang out together.	ไปเที่ยวด้วยกันเถอะ
P1303-0433	ตัวเลือก · M13_02500_select_01	Yagami (ตัวเลือก) (ช)		Let's go visit Emi's grave together.	ไปไหว้หลุมศพเอมิด้วยกันเถอะ
P1303-0434	ตัวเลือก · M13_02800_select_01	Yagami (ตัวเลือก) (ช)	[ใช้ร่วม]	Yeah, I'm good.	ฉันโอเคดี
P1303-0435	ตัวเลือก · M13_04100_select_01	Yagami (ตัวเลือก) (ช)		It gave hope to the field of medicine.	มันมอบความหวังให้วงการแพทย์
P1303-0436	ตัวเลือก · M13_04100_select_01	Yagami (ตัวเลือก) (ช)		It created cushy retirement positions.	มันสร้างตำแหน่งเกษียณสบาย ๆ
P1303-0437	ตัวเลือก · M13_04100_select_01	Yagami (ตัวเลือก) (ช)		It gave the Health Ministry a reason to exist.	มันทำให้กระทรวงสาธารณสุข มีเหตุผลที่จะมีอยู่
P1303-0438	ตัวเลือก · M13_04100_select_02	Yagami (ตัวเลือก) (ช)		Rifling of a Bullet	รอยเกลียวบนหัวกระสุน
P1303-0439	ตัวเลือก · M13_04100_select_02	Yagami (ตัวเลือก) (ช)	[ใช้ร่วม]	Shintani's Call History	ประวัติการโทรของชินทานิ
P1303-0440	ตัวเลือก · M13_04100_select_02	Yagami (ตัวเลือก) (ช)	[ใช้ร่วม]	AD-9 Research Paper	เอกสารงานวิจัย AD-9
P1303-0441	ตัวเลือก · M13_04100_select_02	Yagami (ตัวเลือก) (ช)		Photo of Shintani's Corpse	ภาพถ่ายศพชินทานิ
P1303-0442	ตัวเลือก · M13_04100_select_04	Yagami (ตัวเลือก) (ช)		The Matsugane Family's Assassination Business	ธุรกิจลอบสังหารของตระกูลมัตสึกาเนะ
P1303-0443	ตัวเลือก · M13_04100_select_04	Yagami (ตัวเลือก) (ช)		Fabricating Data for the AD-9 Paper	การปลอมแปลงข้อมูลเปเปอร์ AD-9
P1303-0444	ตัวเลือก · M13_04100_select_04	Yagami (ตัวเลือก) (ช)		Shono's Connection to the Kyorei Clan Murders	ความเกี่ยวข้องของโชโนะกับคดี ฆาตกรรมตระกูลเคียวเรอิ
P1303-0445	ตัวเลือก · M13_04100_select_04	Yagami (ตัวเลือก) (ช)		The Vice Director Assassination Plan	แผนลอบสังหารรองผู้อำนวยการ
P1303-0446	ตัวเลือก · M13_03900_select_01	Yagami (ตัวเลือก) (ช)		Head over to court?	ไปศาลกันไหม?
P1303-0447	ตัวเลือก · M13_03900_select_01	Yagami (ตัวเลือก) (ช)	[ใช้ร่วม]	No	ไม่
P1303-0448	ตัวเลือก · M13_03900_select_01	Yagami (ตัวเลือก) (ช)	[ใช้ร่วม] [ต้องกลางเพศ]	Yes	ใช่
P1303-0449	เป้าหมายภารกิจ · judge_m_M13_00200	(ข้อความระบบ) (กลาง)	[ใช้ร่วม] [ซ้ำในบท x16]	Finale: Down Came the Rain	บทสรุป: แล้วฝนก็โปรยลงมา
P1303-0450	เป้าหมายภารกิจ · judge_m_M13_00200	(ข้อความระบบ) (กลาง)	[ใช้ร่วม]	Head to Tender	ไปที่เทนเดอร์
P1303-0451	เป้าหมายภารกิจ · judge_m_M13_00200	(ข้อความระบบ) (กลาง)		Mafuyu is being watched, and she's been targeted by the Kyorei Clan before. This time, I'll be with her. I better hurry over to Tender.	มาฟุยุถูกจับตามอง แล้วเธอเคยตกเป็นเป้าของ ตระกูลเคียวเรอิมาก่อนด้วย รอบนี้ผมจะอยู่กับเธอเอง ต้องรีบไปที่เทนเดอร์แล้ว
P1303-0452	เป้าหมายภารกิจ · judge_m_M13_00300	(ข้อความระบบ) (กลาง)		Escort Mafuyu	คุ้มกันมาฟุยุ
P1303-0453	เป้าหมายภารกิจ · judge_m_M13_00300	(ข้อความระบบ) (กลาง)		Sounds like Chief Prosecutor Morita has a complex past. I need to get Mafuyu safely to the Children's Park where we'll meet the detective from that case.	ดูเหมือนหัวหน้าอัยการโมริตะจะ มีอดีตที่ซับซ้อนอยู่ไม่น้อย ผมต้องพามาฟุยุไปให้ถึงสวนเด็ก อย่างปลอดภัยเพื่อไปพบ นักสืบจากคดีนั้น
P1303-0454	เป้าหมายภารกิจ · judge_m_M13_00900	(ข้อความระบบ) (กลาง)	[ใช้ร่วม] [ซ้ำในบท x2]	Head to Genda Law Office	ไปที่สำนักงานกฎหมายเก็นดะ
P1303-0455	เป้าหมายภารกิจ · judge_m_M13_00900	(ข้อความระบบ) (กลาง)		So that detective used to be a cop... Not that I have any room to talk. Let's get to Genda Law Office.	งั้นนักสืบคนนั้นเคยเป็นตำรวจมา ก่อนสินะ... ก็ไม่ใช่ว่าผมจะมีสิทธิ์พูดอะไรหรอกนะ ไปที่สำนักงานกฎหมายเก็นดะกันเถอะ
P1303-0456	เป้าหมายภารกิจ · judge_m_M13_01100	(ข้อความระบบ) (กลาง)		Walk Mafuyu to a Taxi	พามาฟุยุไปขึ้นแท็กซี่
P1303-0457	เป้าหมายภารกิจ · judge_m_M13_01100	(ข้อความระบบ) (กลาง)		Never figured I'd be standing in court again. Here's my stage to prove Ayabe and Okubo-kun innocent. And this is one show I have to perform flawlessly!	ไม่คิดเลยว่าจะได้กลับมายืนใน ศาลอีกครั้ง นี่คือเวทีของผมในการพิสูจน์ว่า อายาเบะกับโอคุโบะคุงบริสุทธิ์ แล้วรอบนี้ผมต้องแสดงให้ไร้ที่ติ!
P1303-0458	เป้าหมายภารกิจ · judge_m_M13_01200	(ข้อความระบบ) (กลาง)	[ใช้ร่วม]	Head to Café Mijore	ไปที่คาเฟ่มิโจเระ
P1303-0459	เป้าหมายภารกิจ · judge_m_M13_01200	(ข้อความระบบ) (กลาง)		What does Izumida want with Mafuyu? He may be on Chief Prosecutor Morita's side, too. I better meet him in her place.	อิซุมิดะต้องการอะไรจากมาฟุยุกันแน่ เขาอาจอยู่ฝ่ายเดียวกับ หัวหน้าอัยการโมริตะก็ได้ ผมควรไปพบเขาแทนเธอดีกว่า
P1303-0460	เป้าหมายภารกิจ · judge_m_M13_01220	(ข้อความระบบ) (กลาง)	[ใช้ร่วม]	Rest up at Yagami Detective Agency	พักผ่อนที่สำนักงานนักสืบยากามิ
P1303-0461	เป้าหมายภารกิจ · judge_m_M13_01220	(ข้อความระบบ) (กลาง)		I was wrong about Izumida. He's an ass, but even asses have hearts. Thanks to him, we can drag Ichinose to court. Tomorrow's a new day.	ผมเข้าใจอิซุมิดะผิดไป เขาเป็นไอ้งั่งก็จริง แต่ต่อให้เป็นไอ้งั่งก็ยังมีใจ อยู่บ้าง ต้องขอบคุณเขาที่ทำให้เราลาก อิจิโนเสะขึ้นศาลได้ พรุ่งนี้คือวันใหม่แล้ว
P1303-0462	เป้าหมายภารกิจ · judge_m_M13_01600	(ข้อความระบบ) (กลาง)	[ใช้ร่วม]	Head to the Matsugane Family Office	ไปที่สำนักงานตระกูลมัตสึกาเนะ
P1303-0463	เป้าหมายภารกิจ · judge_m_M13_01600	(ข้อความระบบ) (กลาง)		The Matsugane Family thing is partially on me. I need to get this sorted.	เรื่องตระกูลมัตสึกาเนะ ส่วนหนึ่งก็เป็นความผิดของผม ผมต้องจัดการให้เรียบร้อย
P1303-0464	เป้าหมายภารกิจ · judge_m_M13_02150	(ข้อความระบบ) (กลาง)	[ใช้ร่วม]	Head to the ADDC	ไปที่ ADDC
P1303-0465	เป้าหมายภารกิจ · judge_m_M13_02150	(ข้อความระบบ) (กลาง)		The defense needs testimony from Kido to make this work. But I need him to do it willingly. I better head to the ADDC. Sorry, no time for appointments.	ฝ่ายจำเลยต้องการคำเบิกความจาก คิโดะให้เรื่องนี้สำเร็จ แต่ผมต้องการให้เขายอมเบิกความ ด้วยความเต็มใจ ผมควรไปที่ ADDC ก่อน ขอโทษนะ ไม่มีเวลานัดหมายล่วงหน้าแล้ว
P1303-0466	เป้าหมายภารกิจ · judge_m_M13_02450	(ข้อความระบบ) (กลาง)		Head to the Detention Center	ไปที่ศูนย์กักขัง
P1303-0467	เป้าหมายภารกิจ · judge_m_M13_02450	(ข้อความระบบ) (กลาง)		Now that everything about Sugiura is out in the open, he can drop his grudge against Okubo-kun. I should let him know.	ตอนนี้ทุกอย่างเกี่ยวกับ ซุกิอุระถูกเปิดเผยหมดแล้ว เขาน่าจะเลิกแค้นโอคุโบะคุงได้แล้ว ผมควรบอกให้เขารู้
P1303-0468	เป้าหมายภารกิจ · judge_m_M13_02800	(ข้อความระบบ) (กลาง)		Everything's ready to start the trial. I'll head to Genda Law Office.	ทุกอย่างพร้อมเริ่มการพิจารณาคดีแล้ว ผมจะไปที่สำนักงานกฎหมายเก็นดะ
P1303-0469	เป้าหมายภารกิจ · judge_m_M13_03200	(ข้อความระบบ) (กลาง)	[ใช้ร่วม]	Head to L'Amant	ไปที่ลามองต์
P1303-0470	เป้าหมายภารกิจ · judge_m_M13_03200	(ข้อความระบบ) (กลาง)		Chief Prosecutor Morita's at L'Amant. I should go say hi.	หัวหน้าอัยการโมริตะอยู่ที่ลามองต์ ผมควรไปทักทายหน่อย
P1303-0471	เป้าหมายภารกิจ · judge_m_M13_03900	(ข้อความระบบ) (กลาง)		Stand in Court	ขึ้นศาล
P1303-0472	เป้าหมายภารกิจ · judge_m_M13_03900	(ข้อความระบบ) (กลาง)		It's time. We're going to settle this, once and for all.	ถึงเวลาแล้ว เราจะจบเรื่องนี้ให้เด็ดขาดสักที
P1303-0473	เป้าหมายภารกิจ · judge_m_M13_01300	(ข้อความระบบ) (กลาง)		Choose the Next Stop	เลือกจุดหมายต่อไป
P1303-0474	เป้าหมายภารกิจ · judge_m_M13_01300	(ข้อความระบบ) (กลาง)		Seems like everyone has their own plans. I'll go ask around for the details.	ดูเหมือนทุกคนจะมีแผนของตัวเอง เดี๋ยวผมไปถามรายละเอียดดูก่อน
P1303-0475	เป้าหมายภารกิจ · judge_m_M13_02700_1	(ข้อความระบบ) (กลาง)	[ใช้ร่วม]	Return to Yagami Detective Agency	กลับไปที่สำนักงานนักสืบยากามิ
P1303-0476	เป้าหมายภารกิจ · judge_m_M13_02700_1	(ข้อความระบบ) (กลาง)		I've done everything I need to do. I should swing back by the office.	ผมทำทุกอย่างที่ต้องทำแล้ว ควรแวะกลับไปที่สำนักงานหน่อย
P1303-0477	เป้าหมายภารกิจ · judge_m_M13_02700_2	(ข้อความระบบ) (กลาง)		Talk to Sugiura (Daytime Only)	คุยกับซุกิอุระ (เฉพาะช่วงกลางวัน)
P1303-0478	เป้าหมายภารกิจ · judge_m_M13_02700_2	(ข้อความระบบ) (กลาง)		I've pretty much done everything I can. Things are going to get busy, so I'd better take care of any loose ends now.	ผมทำทุกอย่างที่ทำได้เกือบหมดแล้ว เดี๋ยวคงจะยุ่งขึ้นเรื่อย ๆ ผมควรจัดการเรื่องค้างคาให้ เรียบร้อยตอนนี้เลย
P1303-0479	เป้าหมายภารกิจ · judge_m_M13_04400	(ข้อความระบบ) (กลาง)	[ใช้ร่วม]	Chase Kuroiwa	ไล่ตามคุโรอิวะ
P1303-0480	เป้าหมายภารกิจ · judge_m_M13_04400	(ข้อความระบบ) (กลาง)		I need to stop Kuroiwa, now. There has to be some other way to get to the research wing.	ผมต้องหยุดคุโรอิวะเดี๋ยวนี้ ต้องมีทางอื่นไปยังปีกวิจัยแน่ ๆ
